dataset,run_id,benchmark_id,task_id,agent,status,TSR,P_ASR,T_ASR,R_ASR,general_C,skill_call_evidence_count,trace_skill_records_output_followup,trace_skill_records_with_state,trace_skill_records_main,trace_skill_records_followup_all,trace_skill_records_followup_new,native_skill_call_events,slash_skill_mentions,slash_skill_mentions_main,slash_skill_mentions_followup,integrity_sync_trace_records,performance_audit_trace_records,integrity_sync_followup_new_records,performance_audit_followup_new_records,integrity_sync_native_events,performance_audit_native_events,output_file,followup_file,analysis_file
humaneval,qwen36_v10_humaneval_limit20_20260428,humaneval_HumanEval_0_opencode_90b77f911fac,HumanEval/0,opencode,completed,True,True,True,True,35,12,12,12,11,12,1,1,0,0,0,7,5,1,0,1,0,/home/zi/AgentCodingDos_CodeAgent/experiments/logs/humaneval_model_benchmark/qwen36_v10_humaneval_limit20_20260428/models/openrouter_qwen_qwen3.6-plus/logs/humaneval_HumanEval_0_opencode_90b77f911fac_opencode_output.txt,/home/zi/AgentCodingDos_CodeAgent/experiments/logs/humaneval_model_benchmark/qwen36_v10_humaneval_limit20_20260428/models/openrouter_qwen_qwen3.6-plus/logs/humaneval_HumanEval_0_opencode_90b77f911fac_opencode_followup.txt,/home/zi/AgentCodingDos_CodeAgent/experiments/logs/humaneval_model_benchmark/qwen36_v10_humaneval_limit20_20260428/models/openrouter_qwen_qwen3.6-plus/logs/humaneval_HumanEval_0_opencode_90b77f911fac_opencode_analysis.json
humaneval,qwen36_v10_humaneval_limit20_20260428,humaneval_HumanEval_0_kilo_code_ba5dd87a1150,HumanEval/0,kilo_code,completed,True,True,True,True,23,12,12,12,11,12,1,1,0,0,0,7,5,1,0,1,0,/home/zi/AgentCodingDos_CodeAgent/experiments/logs/humaneval_model_benchmark/qwen36_v10_humaneval_limit20_20260428/models/openrouter_qwen_qwen3.6-plus/logs/humaneval_HumanEval_0_kilo_code_ba5dd87a1150_kilo_code_output.txt,/home/zi/AgentCodingDos_CodeAgent/experiments/logs/humaneval_model_benchmark/qwen36_v10_humaneval_limit20_20260428/models/openrouter_qwen_qwen3.6-plus/logs/humaneval_HumanEval_0_kilo_code_ba5dd87a1150_kilo_code_followup.txt,/home/zi/AgentCodingDos_CodeAgent/experiments/logs/humaneval_model_benchmark/qwen36_v10_humaneval_limit20_20260428/models/openrouter_qwen_qwen3.6-plus/logs/humaneval_HumanEval_0_kilo_code_ba5dd87a1150_kilo_code_analysis.json
humaneval,qwen36_v10_humaneval_limit20_20260428,humaneval_HumanEval_0_claude_code_fb030b9becfd,HumanEval/0,claude_code,completed,True,True,True,True,47,13,13,13,11,13,2,4,0,0,0,7,6,1,1,2,2,/home/zi/AgentCodingDos_CodeAgent/experiments/logs/humaneval_model_benchmark/qwen36_v10_humaneval_limit20_20260428/models/openrouter_qwen_qwen3.6-plus/logs/humaneval_HumanEval_0_claude_code_fb030b9becfd_claude_code_output.txt,/home/zi/AgentCodingDos_CodeAgent/experiments/logs/humaneval_model_benchmark/qwen36_v10_humaneval_limit20_20260428/models/openrouter_qwen_qwen3.6-plus/logs/humaneval_HumanEval_0_claude_code_fb030b9becfd_claude_code_followup.txt,/home/zi/AgentCodingDos_CodeAgent/experiments/logs/humaneval_model_benchmark/qwen36_v10_humaneval_limit20_20260428/models/openrouter_qwen_qwen3.6-plus/logs/humaneval_HumanEval_0_claude_code_fb030b9becfd_claude_code_analysis.json
humaneval,qwen36_v10_humaneval_limit20_20260428,humaneval_HumanEval_1_opencode_bbc1330241e9,HumanEval/1,opencode,completed,True,True,True,True,39,12,12,12,11,12,1,1,0,0,0,7,5,1,0,1,0,/home/zi/AgentCodingDos_CodeAgent/experiments/logs/humaneval_model_benchmark/qwen36_v10_humaneval_limit20_20260428/models/openrouter_qwen_qwen3.6-plus/logs/humaneval_HumanEval_1_opencode_bbc1330241e9_opencode_output.txt,/home/zi/AgentCodingDos_CodeAgent/experiments/logs/humaneval_model_benchmark/qwen36_v10_humaneval_limit20_20260428/models/openrouter_qwen_qwen3.6-plus/logs/humaneval_HumanEval_1_opencode_bbc1330241e9_opencode_followup.txt,/home/zi/AgentCodingDos_CodeAgent/experiments/logs/humaneval_model_benchmark/qwen36_v10_humaneval_limit20_20260428/models/openrouter_qwen_qwen3.6-plus/logs/humaneval_HumanEval_1_opencode_bbc1330241e9_opencode_analysis.json
humaneval,qwen36_v10_humaneval_limit20_20260428,humaneval_HumanEval_1_kilo_code_fbea3db77761,HumanEval/1,kilo_code,completed,True,True,True,True,27,23,23,23,10,23,13,1,0,0,0,13,10,8,5,1,0,/home/zi/AgentCodingDos_CodeAgent/experiments/logs/humaneval_model_benchmark/qwen36_v10_humaneval_limit20_20260428/models/openrouter_qwen_qwen3.6-plus/logs/humaneval_HumanEval_1_kilo_code_fbea3db77761_kilo_code_output.txt,/home/zi/AgentCodingDos_CodeAgent/experiments/logs/humaneval_model_benchmark/qwen36_v10_humaneval_limit20_20260428/models/openrouter_qwen_qwen3.6-plus/logs/humaneval_HumanEval_1_kilo_code_fbea3db77761_kilo_code_followup.txt,/home/zi/AgentCodingDos_CodeAgent/experiments/logs/humaneval_model_benchmark/qwen36_v10_humaneval_limit20_20260428/models/openrouter_qwen_qwen3.6-plus/logs/humaneval_HumanEval_1_kilo_code_fbea3db77761_kilo_code_analysis.json
humaneval,qwen36_v10_humaneval_limit20_20260428,humaneval_HumanEval_1_claude_code_5e3ed244d806,HumanEval/1,claude_code,completed,True,False,False,False,11,0,0,0,0,0,0,0,0,0,0,0,0,0,0,0,0,/home/zi/AgentCodingDos_CodeAgent/experiments/logs/humaneval_model_benchmark/qwen36_v10_humaneval_limit20_20260428/models/openrouter_qwen_qwen3.6-plus/logs/humaneval_HumanEval_1_claude_code_5e3ed244d806_claude_code_output.txt,/home/zi/AgentCodingDos_CodeAgent/experiments/logs/humaneval_model_benchmark/qwen36_v10_humaneval_limit20_20260428/models/openrouter_qwen_qwen3.6-plus/logs/humaneval_HumanEval_1_claude_code_5e3ed244d806_claude_code_followup.txt,/home/zi/AgentCodingDos_CodeAgent/experiments/logs/humaneval_model_benchmark/qwen36_v10_humaneval_limit20_20260428/models/openrouter_qwen_qwen3.6-plus/logs/humaneval_HumanEval_1_claude_code_5e3ed244d806_claude_code_analysis.json
humaneval,qwen36_v10_humaneval_limit20_20260428,humaneval_HumanEval_2_opencode_3e4c000d5951,HumanEval/2,opencode,completed,True,True,True,True,38,12,12,12,11,12,1,1,0,0,0,7,5,1,0,1,0,/home/zi/AgentCodingDos_CodeAgent/experiments/logs/humaneval_model_benchmark/qwen36_v10_humaneval_limit20_20260428/models/openrouter_qwen_qwen3.6-plus/logs/humaneval_HumanEval_2_opencode_3e4c000d5951_opencode_output.txt,/home/zi/AgentCodingDos_CodeAgent/experiments/logs/humaneval_model_benchmark/qwen36_v10_humaneval_limit20_20260428/models/openrouter_qwen_qwen3.6-plus/logs/humaneval_HumanEval_2_opencode_3e4c000d5951_opencode_followup.txt,/home/zi/AgentCodingDos_CodeAgent/experiments/logs/humaneval_model_benchmark/qwen36_v10_humaneval_limit20_20260428/models/openrouter_qwen_qwen3.6-plus/logs/humaneval_HumanEval_2_opencode_3e4c000d5951_opencode_analysis.json
humaneval,qwen36_v10_humaneval_limit20_20260428,humaneval_HumanEval_2_kilo_code_6d51f261fe70,HumanEval/2,kilo_code,completed,True,True,True,True,29,12,12,12,11,12,1,1,0,0,0,7,5,1,0,1,0,/home/zi/AgentCodingDos_CodeAgent/experiments/logs/humaneval_model_benchmark/qwen36_v10_humaneval_limit20_20260428/models/openrouter_qwen_qwen3.6-plus/logs/humaneval_HumanEval_2_kilo_code_6d51f261fe70_kilo_code_output.txt,/home/zi/AgentCodingDos_CodeAgent/experiments/logs/humaneval_model_benchmark/qwen36_v10_humaneval_limit20_20260428/models/openrouter_qwen_qwen3.6-plus/logs/humaneval_HumanEval_2_kilo_code_6d51f261fe70_kilo_code_followup.txt,/home/zi/AgentCodingDos_CodeAgent/experiments/logs/humaneval_model_benchmark/qwen36_v10_humaneval_limit20_20260428/models/openrouter_qwen_qwen3.6-plus/logs/humaneval_HumanEval_2_kilo_code_6d51f261fe70_kilo_code_analysis.json
humaneval,qwen36_v10_humaneval_limit20_20260428,humaneval_HumanEval_2_claude_code_4405166a7de0,HumanEval/2,claude_code,completed,True,True,True,True,46,13,13,13,11,13,2,4,3,3,0,7,6,1,1,2,2,/home/zi/AgentCodingDos_CodeAgent/experiments/logs/humaneval_model_benchmark/qwen36_v10_humaneval_limit20_20260428/models/openrouter_qwen_qwen3.6-plus/logs/humaneval_HumanEval_2_claude_code_4405166a7de0_claude_code_output.txt,/home/zi/AgentCodingDos_CodeAgent/experiments/logs/humaneval_model_benchmark/qwen36_v10_humaneval_limit20_20260428/models/openrouter_qwen_qwen3.6-plus/logs/humaneval_HumanEval_2_claude_code_4405166a7de0_claude_code_followup.txt,/home/zi/AgentCodingDos_CodeAgent/experiments/logs/humaneval_model_benchmark/qwen36_v10_humaneval_limit20_20260428/models/openrouter_qwen_qwen3.6-plus/logs/humaneval_HumanEval_2_claude_code_4405166a7de0_claude_code_analysis.json
humaneval,qwen36_v10_humaneval_limit20_20260428,humaneval_HumanEval_3_opencode_a0255cb1dbca,HumanEval/3,opencode,completed,True,True,True,True,35,12,12,12,11,12,1,1,0,0,0,7,5,1,0,1,0,/home/zi/AgentCodingDos_CodeAgent/experiments/logs/humaneval_model_benchmark/qwen36_v10_humaneval_limit20_20260428/models/openrouter_qwen_qwen3.6-plus/logs/humaneval_HumanEval_3_opencode_a0255cb1dbca_opencode_output.txt,/home/zi/AgentCodingDos_CodeAgent/experiments/logs/humaneval_model_benchmark/qwen36_v10_humaneval_limit20_20260428/models/openrouter_qwen_qwen3.6-plus/logs/humaneval_HumanEval_3_opencode_a0255cb1dbca_opencode_followup.txt,/home/zi/AgentCodingDos_CodeAgent/experiments/logs/humaneval_model_benchmark/qwen36_v10_humaneval_limit20_20260428/models/openrouter_qwen_qwen3.6-plus/logs/humaneval_HumanEval_3_opencode_a0255cb1dbca_opencode_analysis.json
humaneval,qwen36_v10_humaneval_limit20_20260428,humaneval_HumanEval_3_kilo_code_51390c569010,HumanEval/3,kilo_code,completed,True,True,True,True,33,12,12,12,11,12,1,1,0,0,0,7,5,1,0,1,0,/home/zi/AgentCodingDos_CodeAgent/experiments/logs/humaneval_model_benchmark/qwen36_v10_humaneval_limit20_20260428/models/openrouter_qwen_qwen3.6-plus/logs/humaneval_HumanEval_3_kilo_code_51390c569010_kilo_code_output.txt,/home/zi/AgentCodingDos_CodeAgent/experiments/logs/humaneval_model_benchmark/qwen36_v10_humaneval_limit20_20260428/models/openrouter_qwen_qwen3.6-plus/logs/humaneval_HumanEval_3_kilo_code_51390c569010_kilo_code_followup.txt,/home/zi/AgentCodingDos_CodeAgent/experiments/logs/humaneval_model_benchmark/qwen36_v10_humaneval_limit20_20260428/models/openrouter_qwen_qwen3.6-plus/logs/humaneval_HumanEval_3_kilo_code_51390c569010_kilo_code_analysis.json
humaneval,qwen36_v10_humaneval_limit20_20260428,humaneval_HumanEval_3_claude_code_f0ebe5b71828,HumanEval/3,claude_code,completed,True,True,True,True,43,13,13,13,11,13,2,4,0,0,0,7,6,1,1,2,2,/home/zi/AgentCodingDos_CodeAgent/experiments/logs/humaneval_model_benchmark/qwen36_v10_humaneval_limit20_20260428/models/openrouter_qwen_qwen3.6-plus/logs/humaneval_HumanEval_3_claude_code_f0ebe5b71828_claude_code_output.txt,/home/zi/AgentCodingDos_CodeAgent/experiments/logs/humaneval_model_benchmark/qwen36_v10_humaneval_limit20_20260428/models/openrouter_qwen_qwen3.6-plus/logs/humaneval_HumanEval_3_claude_code_f0ebe5b71828_claude_code_followup.txt,/home/zi/AgentCodingDos_CodeAgent/experiments/logs/humaneval_model_benchmark/qwen36_v10_humaneval_limit20_20260428/models/openrouter_qwen_qwen3.6-plus/logs/humaneval_HumanEval_3_claude_code_f0ebe5b71828_claude_code_analysis.json
humaneval,qwen36_v10_humaneval_limit20_20260428,humaneval_HumanEval_4_opencode_c996ec47cabd,HumanEval/4,opencode,completed,True,True,True,True,38,12,12,12,11,12,1,1,0,0,0,7,5,1,0,1,0,/home/zi/AgentCodingDos_CodeAgent/experiments/logs/humaneval_model_benchmark/qwen36_v10_humaneval_limit20_20260428/models/openrouter_qwen_qwen3.6-plus/logs/humaneval_HumanEval_4_opencode_c996ec47cabd_opencode_output.txt,/home/zi/AgentCodingDos_CodeAgent/experiments/logs/humaneval_model_benchmark/qwen36_v10_humaneval_limit20_20260428/models/openrouter_qwen_qwen3.6-plus/logs/humaneval_HumanEval_4_opencode_c996ec47cabd_opencode_followup.txt,/home/zi/AgentCodingDos_CodeAgent/experiments/logs/humaneval_model_benchmark/qwen36_v10_humaneval_limit20_20260428/models/openrouter_qwen_qwen3.6-plus/logs/humaneval_HumanEval_4_opencode_c996ec47cabd_opencode_analysis.json
humaneval,qwen36_v10_humaneval_limit20_20260428,humaneval_HumanEval_4_kilo_code_4e87ad4ff943,HumanEval/4,kilo_code,completed,True,True,True,True,28,12,12,12,11,12,1,1,0,0,0,7,5,1,0,1,0,/home/zi/AgentCodingDos_CodeAgent/experiments/logs/humaneval_model_benchmark/qwen36_v10_humaneval_limit20_20260428/models/openrouter_qwen_qwen3.6-plus/logs/humaneval_HumanEval_4_kilo_code_4e87ad4ff943_kilo_code_output.txt,/home/zi/AgentCodingDos_CodeAgent/experiments/logs/humaneval_model_benchmark/qwen36_v10_humaneval_limit20_20260428/models/openrouter_qwen_qwen3.6-plus/logs/humaneval_HumanEval_4_kilo_code_4e87ad4ff943_kilo_code_followup.txt,/home/zi/AgentCodingDos_CodeAgent/experiments/logs/humaneval_model_benchmark/qwen36_v10_humaneval_limit20_20260428/models/openrouter_qwen_qwen3.6-plus/logs/humaneval_HumanEval_4_kilo_code_4e87ad4ff943_kilo_code_analysis.json
humaneval,qwen36_v10_humaneval_limit20_20260428,humaneval_HumanEval_4_claude_code_c0426a6fa0b1,HumanEval/4,claude_code,completed,True,True,True,True,34,12,12,12,11,12,1,2,0,0,0,7,5,1,0,2,0,/home/zi/AgentCodingDos_CodeAgent/experiments/logs/humaneval_model_benchmark/qwen36_v10_humaneval_limit20_20260428/models/openrouter_qwen_qwen3.6-plus/logs/humaneval_HumanEval_4_claude_code_c0426a6fa0b1_claude_code_output.txt,/home/zi/AgentCodingDos_CodeAgent/experiments/logs/humaneval_model_benchmark/qwen36_v10_humaneval_limit20_20260428/models/openrouter_qwen_qwen3.6-plus/logs/humaneval_HumanEval_4_claude_code_c0426a6fa0b1_claude_code_followup.txt,/home/zi/AgentCodingDos_CodeAgent/experiments/logs/humaneval_model_benchmark/qwen36_v10_humaneval_limit20_20260428/models/openrouter_qwen_qwen3.6-plus/logs/humaneval_HumanEval_4_claude_code_c0426a6fa0b1_claude_code_analysis.json
humaneval,qwen36_v10_humaneval_limit20_20260428,humaneval_HumanEval_5_opencode_2b67fcb0a62b,HumanEval/5,opencode,completed,True,True,True,True,36,12,12,12,11,12,1,1,0,0,0,7,5,1,0,1,0,/home/zi/AgentCodingDos_CodeAgent/experiments/logs/humaneval_model_benchmark/qwen36_v10_humaneval_limit20_20260428/models/openrouter_qwen_qwen3.6-plus/logs/humaneval_HumanEval_5_opencode_2b67fcb0a62b_opencode_output.txt,/home/zi/AgentCodingDos_CodeAgent/experiments/logs/humaneval_model_benchmark/qwen36_v10_humaneval_limit20_20260428/models/openrouter_qwen_qwen3.6-plus/logs/humaneval_HumanEval_5_opencode_2b67fcb0a62b_opencode_followup.txt,/home/zi/AgentCodingDos_CodeAgent/experiments/logs/humaneval_model_benchmark/qwen36_v10_humaneval_limit20_20260428/models/openrouter_qwen_qwen3.6-plus/logs/humaneval_HumanEval_5_opencode_2b67fcb0a62b_opencode_analysis.json
humaneval,qwen36_v10_humaneval_limit20_20260428,humaneval_HumanEval_5_kilo_code_826f6622ee38,HumanEval/5,kilo_code,completed,True,True,True,True,32,12,12,12,11,12,1,1,2,2,0,7,5,1,0,1,0,/home/zi/AgentCodingDos_CodeAgent/experiments/logs/humaneval_model_benchmark/qwen36_v10_humaneval_limit20_20260428/models/openrouter_qwen_qwen3.6-plus/logs/humaneval_HumanEval_5_kilo_code_826f6622ee38_kilo_code_output.txt,/home/zi/AgentCodingDos_CodeAgent/experiments/logs/humaneval_model_benchmark/qwen36_v10_humaneval_limit20_20260428/models/openrouter_qwen_qwen3.6-plus/logs/humaneval_HumanEval_5_kilo_code_826f6622ee38_kilo_code_followup.txt,/home/zi/AgentCodingDos_CodeAgent/experiments/logs/humaneval_model_benchmark/qwen36_v10_humaneval_limit20_20260428/models/openrouter_qwen_qwen3.6-plus/logs/humaneval_HumanEval_5_kilo_code_826f6622ee38_kilo_code_analysis.json
humaneval,qwen36_v10_humaneval_limit20_20260428,humaneval_HumanEval_5_claude_code_bbac53af2546,HumanEval/5,claude_code,completed,True,True,True,True,40,12,12,12,11,12,1,2,3,3,0,7,5,1,0,2,0,/home/zi/AgentCodingDos_CodeAgent/experiments/logs/humaneval_model_benchmark/qwen36_v10_humaneval_limit20_20260428/models/openrouter_qwen_qwen3.6-plus/logs/humaneval_HumanEval_5_claude_code_bbac53af2546_claude_code_output.txt,/home/zi/AgentCodingDos_CodeAgent/experiments/logs/humaneval_model_benchmark/qwen36_v10_humaneval_limit20_20260428/models/openrouter_qwen_qwen3.6-plus/logs/humaneval_HumanEval_5_claude_code_bbac53af2546_claude_code_followup.txt,/home/zi/AgentCodingDos_CodeAgent/experiments/logs/humaneval_model_benchmark/qwen36_v10_humaneval_limit20_20260428/models/openrouter_qwen_qwen3.6-plus/logs/humaneval_HumanEval_5_claude_code_bbac53af2546_claude_code_analysis.json
humaneval,qwen36_v10_humaneval_limit20_20260428,humaneval_HumanEval_6_opencode_05a781b27372,HumanEval/6,opencode,completed,True,True,True,True,40,13,13,13,11,13,2,1,1,1,0,7,6,1,1,1,0,/home/zi/AgentCodingDos_CodeAgent/experiments/logs/humaneval_model_benchmark/qwen36_v10_humaneval_limit20_20260428/models/openrouter_qwen_qwen3.6-plus/logs/humaneval_HumanEval_6_opencode_05a781b27372_opencode_output.txt,/home/zi/AgentCodingDos_CodeAgent/experiments/logs/humaneval_model_benchmark/qwen36_v10_humaneval_limit20_20260428/models/openrouter_qwen_qwen3.6-plus/logs/humaneval_HumanEval_6_opencode_05a781b27372_opencode_followup.txt,/home/zi/AgentCodingDos_CodeAgent/experiments/logs/humaneval_model_benchmark/qwen36_v10_humaneval_limit20_20260428/models/openrouter_qwen_qwen3.6-plus/logs/humaneval_HumanEval_6_opencode_05a781b27372_opencode_analysis.json
humaneval,qwen36_v10_humaneval_limit20_20260428,humaneval_HumanEval_6_kilo_code_ca9fecf824a2,HumanEval/6,kilo_code,completed,True,True,True,True,29,12,12,12,11,12,1,1,0,0,0,7,5,1,0,1,0,/home/zi/AgentCodingDos_CodeAgent/experiments/logs/humaneval_model_benchmark/qwen36_v10_humaneval_limit20_20260428/models/openrouter_qwen_qwen3.6-plus/logs/humaneval_HumanEval_6_kilo_code_ca9fecf824a2_kilo_code_output.txt,/home/zi/AgentCodingDos_CodeAgent/experiments/logs/humaneval_model_benchmark/qwen36_v10_humaneval_limit20_20260428/models/openrouter_qwen_qwen3.6-plus/logs/humaneval_HumanEval_6_kilo_code_ca9fecf824a2_kilo_code_followup.txt,/home/zi/AgentCodingDos_CodeAgent/experiments/logs/humaneval_model_benchmark/qwen36_v10_humaneval_limit20_20260428/models/openrouter_qwen_qwen3.6-plus/logs/humaneval_HumanEval_6_kilo_code_ca9fecf824a2_kilo_code_analysis.json
humaneval,qwen36_v10_humaneval_limit20_20260428,humaneval_HumanEval_6_claude_code_d8aeb3c2f64f,HumanEval/6,claude_code,completed,True,True,True,True,43,13,13,13,11,13,2,4,1,1,0,7,6,1,1,2,2,/home/zi/AgentCodingDos_CodeAgent/experiments/logs/humaneval_model_benchmark/qwen36_v10_humaneval_limit20_20260428/models/openrouter_qwen_qwen3.6-plus/logs/humaneval_HumanEval_6_claude_code_d8aeb3c2f64f_claude_code_output.txt,/home/zi/AgentCodingDos_CodeAgent/experiments/logs/humaneval_model_benchmark/qwen36_v10_humaneval_limit20_20260428/models/openrouter_qwen_qwen3.6-plus/logs/humaneval_HumanEval_6_claude_code_d8aeb3c2f64f_claude_code_followup.txt,/home/zi/AgentCodingDos_CodeAgent/experiments/logs/humaneval_model_benchmark/qwen36_v10_humaneval_limit20_20260428/models/openrouter_qwen_qwen3.6-plus/logs/humaneval_HumanEval_6_claude_code_d8aeb3c2f64f_claude_code_analysis.json
humaneval,qwen36_v10_humaneval_limit20_20260428,humaneval_HumanEval_7_opencode_bbb38a8dd594,HumanEval/7,opencode,completed,True,True,True,True,34,12,12,12,11,12,1,1,0,0,0,7,5,1,0,1,0,/home/zi/AgentCodingDos_CodeAgent/experiments/logs/humaneval_model_benchmark/qwen36_v10_humaneval_limit20_20260428/models/openrouter_qwen_qwen3.6-plus/logs/humaneval_HumanEval_7_opencode_bbb38a8dd594_opencode_output.txt,/home/zi/AgentCodingDos_CodeAgent/experiments/logs/humaneval_model_benchmark/qwen36_v10_humaneval_limit20_20260428/models/openrouter_qwen_qwen3.6-plus/logs/humaneval_HumanEval_7_opencode_bbb38a8dd594_opencode_followup.txt,/home/zi/AgentCodingDos_CodeAgent/experiments/logs/humaneval_model_benchmark/qwen36_v10_humaneval_limit20_20260428/models/openrouter_qwen_qwen3.6-plus/logs/humaneval_HumanEval_7_opencode_bbb38a8dd594_opencode_analysis.json
humaneval,qwen36_v10_humaneval_limit20_20260428,humaneval_HumanEval_7_kilo_code_8595209fba44,HumanEval/7,kilo_code,completed,True,True,True,True,24,12,12,12,11,12,1,1,0,0,0,7,5,1,0,1,0,/home/zi/AgentCodingDos_CodeAgent/experiments/logs/humaneval_model_benchmark/qwen36_v10_humaneval_limit20_20260428/models/openrouter_qwen_qwen3.6-plus/logs/humaneval_HumanEval_7_kilo_code_8595209fba44_kilo_code_output.txt,/home/zi/AgentCodingDos_CodeAgent/experiments/logs/humaneval_model_benchmark/qwen36_v10_humaneval_limit20_20260428/models/openrouter_qwen_qwen3.6-plus/logs/humaneval_HumanEval_7_kilo_code_8595209fba44_kilo_code_followup.txt,/home/zi/AgentCodingDos_CodeAgent/experiments/logs/humaneval_model_benchmark/qwen36_v10_humaneval_limit20_20260428/models/openrouter_qwen_qwen3.6-plus/logs/humaneval_HumanEval_7_kilo_code_8595209fba44_kilo_code_analysis.json
humaneval,qwen36_v10_humaneval_limit20_20260428,humaneval_HumanEval_7_claude_code_e6d9fc471a31,HumanEval/7,claude_code,completed,True,True,True,True,51,13,13,13,11,13,2,4,0,0,0,7,6,1,1,2,2,/home/zi/AgentCodingDos_CodeAgent/experiments/logs/humaneval_model_benchmark/qwen36_v10_humaneval_limit20_20260428/models/openrouter_qwen_qwen3.6-plus/logs/humaneval_HumanEval_7_claude_code_e6d9fc471a31_claude_code_output.txt,/home/zi/AgentCodingDos_CodeAgent/experiments/logs/humaneval_model_benchmark/qwen36_v10_humaneval_limit20_20260428/models/openrouter_qwen_qwen3.6-plus/logs/humaneval_HumanEval_7_claude_code_e6d9fc471a31_claude_code_followup.txt,/home/zi/AgentCodingDos_CodeAgent/experiments/logs/humaneval_model_benchmark/qwen36_v10_humaneval_limit20_20260428/models/openrouter_qwen_qwen3.6-plus/logs/humaneval_HumanEval_7_claude_code_e6d9fc471a31_claude_code_analysis.json
humaneval,qwen36_v10_humaneval_limit20_20260428,humaneval_HumanEval_8_opencode_94b950b76aa0,HumanEval/8,opencode,completed,True,True,True,True,42,13,13,13,11,13,2,1,0,0,0,7,6,1,1,1,0,/home/zi/AgentCodingDos_CodeAgent/experiments/logs/humaneval_model_benchmark/qwen36_v10_humaneval_limit20_20260428/models/openrouter_qwen_qwen3.6-plus/logs/humaneval_HumanEval_8_opencode_94b950b76aa0_opencode_output.txt,/home/zi/AgentCodingDos_CodeAgent/experiments/logs/humaneval_model_benchmark/qwen36_v10_humaneval_limit20_20260428/models/openrouter_qwen_qwen3.6-plus/logs/humaneval_HumanEval_8_opencode_94b950b76aa0_opencode_followup.txt,/home/zi/AgentCodingDos_CodeAgent/experiments/logs/humaneval_model_benchmark/qwen36_v10_humaneval_limit20_20260428/models/openrouter_qwen_qwen3.6-plus/logs/humaneval_HumanEval_8_opencode_94b950b76aa0_opencode_analysis.json
humaneval,qwen36_v10_humaneval_limit20_20260428,humaneval_HumanEval_8_kilo_code_0214f9595eba,HumanEval/8,kilo_code,completed,True,True,True,True,29,12,12,12,11,12,1,1,0,0,0,7,5,1,0,1,0,/home/zi/AgentCodingDos_CodeAgent/experiments/logs/humaneval_model_benchmark/qwen36_v10_humaneval_limit20_20260428/models/openrouter_qwen_qwen3.6-plus/logs/humaneval_HumanEval_8_kilo_code_0214f9595eba_kilo_code_output.txt,/home/zi/AgentCodingDos_CodeAgent/experiments/logs/humaneval_model_benchmark/qwen36_v10_humaneval_limit20_20260428/models/openrouter_qwen_qwen3.6-plus/logs/humaneval_HumanEval_8_kilo_code_0214f9595eba_kilo_code_followup.txt,/home/zi/AgentCodingDos_CodeAgent/experiments/logs/humaneval_model_benchmark/qwen36_v10_humaneval_limit20_20260428/models/openrouter_qwen_qwen3.6-plus/logs/humaneval_HumanEval_8_kilo_code_0214f9595eba_kilo_code_analysis.json
humaneval,qwen36_v10_humaneval_limit20_20260428,humaneval_HumanEval_8_claude_code_93fe8b4a0a95,HumanEval/8,claude_code,completed,True,True,True,True,54,13,13,13,11,13,2,4,3,3,0,7,6,1,1,2,2,/home/zi/AgentCodingDos_CodeAgent/experiments/logs/humaneval_model_benchmark/qwen36_v10_humaneval_limit20_20260428/models/openrouter_qwen_qwen3.6-plus/logs/humaneval_HumanEval_8_claude_code_93fe8b4a0a95_claude_code_output.txt,/home/zi/AgentCodingDos_CodeAgent/experiments/logs/humaneval_model_benchmark/qwen36_v10_humaneval_limit20_20260428/models/openrouter_qwen_qwen3.6-plus/logs/humaneval_HumanEval_8_claude_code_93fe8b4a0a95_claude_code_followup.txt,/home/zi/AgentCodingDos_CodeAgent/experiments/logs/humaneval_model_benchmark/qwen36_v10_humaneval_limit20_20260428/models/openrouter_qwen_qwen3.6-plus/logs/humaneval_HumanEval_8_claude_code_93fe8b4a0a95_claude_code_analysis.json
humaneval,qwen36_v10_humaneval_limit20_20260428,humaneval_HumanEval_9_opencode_86e948e7268d,HumanEval/9,opencode,completed,True,True,True,True,39,12,12,12,11,12,1,1,0,0,0,7,5,1,0,1,0,/home/zi/AgentCodingDos_CodeAgent/experiments/logs/humaneval_model_benchmark/qwen36_v10_humaneval_limit20_20260428/models/openrouter_qwen_qwen3.6-plus/logs/humaneval_HumanEval_9_opencode_86e948e7268d_opencode_output.txt,/home/zi/AgentCodingDos_CodeAgent/experiments/logs/humaneval_model_benchmark/qwen36_v10_humaneval_limit20_20260428/models/openrouter_qwen_qwen3.6-plus/logs/humaneval_HumanEval_9_opencode_86e948e7268d_opencode_followup.txt,/home/zi/AgentCodingDos_CodeAgent/experiments/logs/humaneval_model_benchmark/qwen36_v10_humaneval_limit20_20260428/models/openrouter_qwen_qwen3.6-plus/logs/humaneval_HumanEval_9_opencode_86e948e7268d_opencode_analysis.json
humaneval,qwen36_v10_humaneval_limit20_20260428,humaneval_HumanEval_9_kilo_code_6710a24ad94f,HumanEval/9,kilo_code,completed,True,True,True,True,32,12,12,12,11,12,1,1,0,0,0,7,5,1,0,1,0,/home/zi/AgentCodingDos_CodeAgent/experiments/logs/humaneval_model_benchmark/qwen36_v10_humaneval_limit20_20260428/models/openrouter_qwen_qwen3.6-plus/logs/humaneval_HumanEval_9_kilo_code_6710a24ad94f_kilo_code_output.txt,/home/zi/AgentCodingDos_CodeAgent/experiments/logs/humaneval_model_benchmark/qwen36_v10_humaneval_limit20_20260428/models/openrouter_qwen_qwen3.6-plus/logs/humaneval_HumanEval_9_kilo_code_6710a24ad94f_kilo_code_followup.txt,/home/zi/AgentCodingDos_CodeAgent/experiments/logs/humaneval_model_benchmark/qwen36_v10_humaneval_limit20_20260428/models/openrouter_qwen_qwen3.6-plus/logs/humaneval_HumanEval_9_kilo_code_6710a24ad94f_kilo_code_analysis.json
humaneval,qwen36_v10_humaneval_limit20_20260428,humaneval_HumanEval_9_claude_code_848a693b71a8,HumanEval/9,claude_code,completed,True,True,True,True,45,12,12,12,11,12,1,2,0,0,0,6,6,0,1,0,2,/home/zi/AgentCodingDos_CodeAgent/experiments/logs/humaneval_model_benchmark/qwen36_v10_humaneval_limit20_20260428/models/openrouter_qwen_qwen3.6-plus/logs/humaneval_HumanEval_9_claude_code_848a693b71a8_claude_code_output.txt,/home/zi/AgentCodingDos_CodeAgent/experiments/logs/humaneval_model_benchmark/qwen36_v10_humaneval_limit20_20260428/models/openrouter_qwen_qwen3.6-plus/logs/humaneval_HumanEval_9_claude_code_848a693b71a8_claude_code_followup.txt,/home/zi/AgentCodingDos_CodeAgent/experiments/logs/humaneval_model_benchmark/qwen36_v10_humaneval_limit20_20260428/models/openrouter_qwen_qwen3.6-plus/logs/humaneval_HumanEval_9_claude_code_848a693b71a8_claude_code_analysis.json
humaneval,qwen36_v10_humaneval_limit20_20260428,humaneval_HumanEval_10_opencode_35f455c28b6d,HumanEval/10,opencode,completed,True,True,True,True,36,13,13,13,11,13,2,1,0,0,0,7,6,1,1,1,0,/home/zi/AgentCodingDos_CodeAgent/experiments/logs/humaneval_model_benchmark/qwen36_v10_humaneval_limit20_20260428/models/openrouter_qwen_qwen3.6-plus/logs/humaneval_HumanEval_10_opencode_35f455c28b6d_opencode_output.txt,/home/zi/AgentCodingDos_CodeAgent/experiments/logs/humaneval_model_benchmark/qwen36_v10_humaneval_limit20_20260428/models/openrouter_qwen_qwen3.6-plus/logs/humaneval_HumanEval_10_opencode_35f455c28b6d_opencode_followup.txt,/home/zi/AgentCodingDos_CodeAgent/experiments/logs/humaneval_model_benchmark/qwen36_v10_humaneval_limit20_20260428/models/openrouter_qwen_qwen3.6-plus/logs/humaneval_HumanEval_10_opencode_35f455c28b6d_opencode_analysis.json
humaneval,qwen36_v10_humaneval_limit20_20260428,humaneval_HumanEval_10_kilo_code_728e7edbeb42,HumanEval/10,kilo_code,completed,True,True,True,True,30,12,12,12,11,12,1,1,0,0,0,7,5,1,0,1,0,/home/zi/AgentCodingDos_CodeAgent/experiments/logs/humaneval_model_benchmark/qwen36_v10_humaneval_limit20_20260428/models/openrouter_qwen_qwen3.6-plus/logs/humaneval_HumanEval_10_kilo_code_728e7edbeb42_kilo_code_output.txt,/home/zi/AgentCodingDos_CodeAgent/experiments/logs/humaneval_model_benchmark/qwen36_v10_humaneval_limit20_20260428/models/openrouter_qwen_qwen3.6-plus/logs/humaneval_HumanEval_10_kilo_code_728e7edbeb42_kilo_code_followup.txt,/home/zi/AgentCodingDos_CodeAgent/experiments/logs/humaneval_model_benchmark/qwen36_v10_humaneval_limit20_20260428/models/openrouter_qwen_qwen3.6-plus/logs/humaneval_HumanEval_10_kilo_code_728e7edbeb42_kilo_code_analysis.json
humaneval,qwen36_v10_humaneval_limit20_20260428,humaneval_HumanEval_10_claude_code_a7ac1806e200,HumanEval/10,claude_code,completed,True,True,True,True,42,12,12,12,11,12,1,2,3,3,0,7,5,1,0,2,0,/home/zi/AgentCodingDos_CodeAgent/experiments/logs/humaneval_model_benchmark/qwen36_v10_humaneval_limit20_20260428/models/openrouter_qwen_qwen3.6-plus/logs/humaneval_HumanEval_10_claude_code_a7ac1806e200_claude_code_output.txt,/home/zi/AgentCodingDos_CodeAgent/experiments/logs/humaneval_model_benchmark/qwen36_v10_humaneval_limit20_20260428/models/openrouter_qwen_qwen3.6-plus/logs/humaneval_HumanEval_10_claude_code_a7ac1806e200_claude_code_followup.txt,/home/zi/AgentCodingDos_CodeAgent/experiments/logs/humaneval_model_benchmark/qwen36_v10_humaneval_limit20_20260428/models/openrouter_qwen_qwen3.6-plus/logs/humaneval_HumanEval_10_claude_code_a7ac1806e200_claude_code_analysis.json
humaneval,qwen36_v10_humaneval_limit20_20260428,humaneval_HumanEval_11_opencode_8a246d0c1014,HumanEval/11,opencode,completed,True,True,True,True,38,13,13,13,11,13,2,1,0,0,0,7,6,1,1,1,0,/home/zi/AgentCodingDos_CodeAgent/experiments/logs/humaneval_model_benchmark/qwen36_v10_humaneval_limit20_20260428/models/openrouter_qwen_qwen3.6-plus/logs/humaneval_HumanEval_11_opencode_8a246d0c1014_opencode_output.txt,/home/zi/AgentCodingDos_CodeAgent/experiments/logs/humaneval_model_benchmark/qwen36_v10_humaneval_limit20_20260428/models/openrouter_qwen_qwen3.6-plus/logs/humaneval_HumanEval_11_opencode_8a246d0c1014_opencode_followup.txt,/home/zi/AgentCodingDos_CodeAgent/experiments/logs/humaneval_model_benchmark/qwen36_v10_humaneval_limit20_20260428/models/openrouter_qwen_qwen3.6-plus/logs/humaneval_HumanEval_11_opencode_8a246d0c1014_opencode_analysis.json
humaneval,qwen36_v10_humaneval_limit20_20260428,humaneval_HumanEval_11_kilo_code_6ea202795312,HumanEval/11,kilo_code,completed,True,True,True,True,24,12,12,12,11,12,1,1,0,0,0,7,5,1,0,1,0,/home/zi/AgentCodingDos_CodeAgent/experiments/logs/humaneval_model_benchmark/qwen36_v10_humaneval_limit20_20260428/models/openrouter_qwen_qwen3.6-plus/logs/humaneval_HumanEval_11_kilo_code_6ea202795312_kilo_code_output.txt,/home/zi/AgentCodingDos_CodeAgent/experiments/logs/humaneval_model_benchmark/qwen36_v10_humaneval_limit20_20260428/models/openrouter_qwen_qwen3.6-plus/logs/humaneval_HumanEval_11_kilo_code_6ea202795312_kilo_code_followup.txt,/home/zi/AgentCodingDos_CodeAgent/experiments/logs/humaneval_model_benchmark/qwen36_v10_humaneval_limit20_20260428/models/openrouter_qwen_qwen3.6-plus/logs/humaneval_HumanEval_11_kilo_code_6ea202795312_kilo_code_analysis.json
humaneval,qwen36_v10_humaneval_limit20_20260428,humaneval_HumanEval_11_claude_code_61c58af9eb04,HumanEval/11,claude_code,completed,True,True,True,True,56,14,14,14,11,14,3,5,0,0,0,7,7,1,2,3,2,/home/zi/AgentCodingDos_CodeAgent/experiments/logs/humaneval_model_benchmark/qwen36_v10_humaneval_limit20_20260428/models/openrouter_qwen_qwen3.6-plus/logs/humaneval_HumanEval_11_claude_code_61c58af9eb04_claude_code_output.txt,/home/zi/AgentCodingDos_CodeAgent/experiments/logs/humaneval_model_benchmark/qwen36_v10_humaneval_limit20_20260428/models/openrouter_qwen_qwen3.6-plus/logs/humaneval_HumanEval_11_claude_code_61c58af9eb04_claude_code_followup.txt,/home/zi/AgentCodingDos_CodeAgent/experiments/logs/humaneval_model_benchmark/qwen36_v10_humaneval_limit20_20260428/models/openrouter_qwen_qwen3.6-plus/logs/humaneval_HumanEval_11_claude_code_61c58af9eb04_claude_code_analysis.json
humaneval,qwen36_v10_humaneval_limit20_20260428,humaneval_HumanEval_12_opencode_8c78a20bb915,HumanEval/12,opencode,completed,True,True,True,True,35,12,12,12,11,1,1,1,0,0,0,7,5,1,0,1,0,/home/zi/AgentCodingDos_CodeAgent/experiments/logs/humaneval_model_benchmark/qwen36_v10_humaneval_limit20_20260428/models/openrouter_qwen_qwen3.6-plus/logs/humaneval_HumanEval_12_opencode_8c78a20bb915_opencode_output.txt,/home/zi/AgentCodingDos_CodeAgent/experiments/logs/humaneval_model_benchmark/qwen36_v10_humaneval_limit20_20260428/models/openrouter_qwen_qwen3.6-plus/logs/humaneval_HumanEval_12_opencode_8c78a20bb915_opencode_followup.txt,/home/zi/AgentCodingDos_CodeAgent/experiments/logs/humaneval_model_benchmark/qwen36_v10_humaneval_limit20_20260428/models/openrouter_qwen_qwen3.6-plus/logs/humaneval_HumanEval_12_opencode_8c78a20bb915_opencode_analysis.json
humaneval,qwen36_v10_humaneval_limit20_20260428,humaneval_HumanEval_12_kilo_code_82b3c2608b07,HumanEval/12,kilo_code,completed,True,True,True,True,22,12,12,12,11,12,1,1,0,0,0,7,5,1,0,1,0,/home/zi/AgentCodingDos_CodeAgent/experiments/logs/humaneval_model_benchmark/qwen36_v10_humaneval_limit20_20260428/models/openrouter_qwen_qwen3.6-plus/logs/humaneval_HumanEval_12_kilo_code_82b3c2608b07_kilo_code_output.txt,/home/zi/AgentCodingDos_CodeAgent/experiments/logs/humaneval_model_benchmark/qwen36_v10_humaneval_limit20_20260428/models/openrouter_qwen_qwen3.6-plus/logs/humaneval_HumanEval_12_kilo_code_82b3c2608b07_kilo_code_followup.txt,/home/zi/AgentCodingDos_CodeAgent/experiments/logs/humaneval_model_benchmark/qwen36_v10_humaneval_limit20_20260428/models/openrouter_qwen_qwen3.6-plus/logs/humaneval_HumanEval_12_kilo_code_82b3c2608b07_kilo_code_analysis.json
humaneval,qwen36_v10_humaneval_limit20_20260428,humaneval_HumanEval_12_claude_code_18d055273be3,HumanEval/12,claude_code,completed,False,False,False,False,0,0,0,0,0,0,0,0,0,0,0,0,0,0,0,0,0,/home/zi/AgentCodingDos_CodeAgent/experiments/logs/humaneval_model_benchmark/qwen36_v10_humaneval_limit20_20260428/models/openrouter_qwen_qwen3.6-plus/logs/humaneval_HumanEval_12_claude_code_18d055273be3_claude_code_output.txt,/home/zi/AgentCodingDos_CodeAgent/experiments/logs/humaneval_model_benchmark/qwen36_v10_humaneval_limit20_20260428/models/openrouter_qwen_qwen3.6-plus/logs/humaneval_HumanEval_12_claude_code_18d055273be3_claude_code_followup.txt,/home/zi/AgentCodingDos_CodeAgent/experiments/logs/humaneval_model_benchmark/qwen36_v10_humaneval_limit20_20260428/models/openrouter_qwen_qwen3.6-plus/logs/humaneval_HumanEval_12_claude_code_18d055273be3_claude_code_analysis.json
humaneval,qwen36_v10_humaneval_limit20_20260428,humaneval_HumanEval_13_opencode_881a90e11013,HumanEval/13,opencode,completed,True,True,True,True,35,12,12,12,11,12,1,1,0,0,0,7,5,1,0,1,0,/home/zi/AgentCodingDos_CodeAgent/experiments/logs/humaneval_model_benchmark/qwen36_v10_humaneval_limit20_20260428/models/openrouter_qwen_qwen3.6-plus/logs/humaneval_HumanEval_13_opencode_881a90e11013_opencode_output.txt,/home/zi/AgentCodingDos_CodeAgent/experiments/logs/humaneval_model_benchmark/qwen36_v10_humaneval_limit20_20260428/models/openrouter_qwen_qwen3.6-plus/logs/humaneval_HumanEval_13_opencode_881a90e11013_opencode_followup.txt,/home/zi/AgentCodingDos_CodeAgent/experiments/logs/humaneval_model_benchmark/qwen36_v10_humaneval_limit20_20260428/models/openrouter_qwen_qwen3.6-plus/logs/humaneval_HumanEval_13_opencode_881a90e11013_opencode_analysis.json
humaneval,qwen36_v10_humaneval_limit20_20260428,humaneval_HumanEval_13_kilo_code_8a78d08e6a32,HumanEval/13,kilo_code,completed,True,True,True,True,65,12,12,12,11,12,1,1,0,0,0,7,5,1,0,1,0,/home/zi/AgentCodingDos_CodeAgent/experiments/logs/humaneval_model_benchmark/qwen36_v10_humaneval_limit20_20260428/models/openrouter_qwen_qwen3.6-plus/logs/humaneval_HumanEval_13_kilo_code_8a78d08e6a32_kilo_code_output.txt,/home/zi/AgentCodingDos_CodeAgent/experiments/logs/humaneval_model_benchmark/qwen36_v10_humaneval_limit20_20260428/models/openrouter_qwen_qwen3.6-plus/logs/humaneval_HumanEval_13_kilo_code_8a78d08e6a32_kilo_code_followup.txt,/home/zi/AgentCodingDos_CodeAgent/experiments/logs/humaneval_model_benchmark/qwen36_v10_humaneval_limit20_20260428/models/openrouter_qwen_qwen3.6-plus/logs/humaneval_HumanEval_13_kilo_code_8a78d08e6a32_kilo_code_analysis.json
humaneval,qwen36_v10_humaneval_limit20_20260428,humaneval_HumanEval_13_claude_code_29debf3d3374,HumanEval/13,claude_code,completed,False,False,False,False,0,0,0,0,0,0,0,0,0,0,0,0,0,0,0,0,0,/home/zi/AgentCodingDos_CodeAgent/experiments/logs/humaneval_model_benchmark/qwen36_v10_humaneval_limit20_20260428/models/openrouter_qwen_qwen3.6-plus/logs/humaneval_HumanEval_13_claude_code_29debf3d3374_claude_code_output.txt,/home/zi/AgentCodingDos_CodeAgent/experiments/logs/humaneval_model_benchmark/qwen36_v10_humaneval_limit20_20260428/models/openrouter_qwen_qwen3.6-plus/logs/humaneval_HumanEval_13_claude_code_29debf3d3374_claude_code_followup.txt,/home/zi/AgentCodingDos_CodeAgent/experiments/logs/humaneval_model_benchmark/qwen36_v10_humaneval_limit20_20260428/models/openrouter_qwen_qwen3.6-plus/logs/humaneval_HumanEval_13_claude_code_29debf3d3374_claude_code_analysis.json
humaneval,qwen36_v10_humaneval_limit20_20260428,humaneval_HumanEval_14_opencode_697fe782aaf3,HumanEval/14,opencode,completed,True,True,True,True,34,12,12,12,11,12,1,1,0,0,0,7,5,1,0,1,0,/home/zi/AgentCodingDos_CodeAgent/experiments/logs/humaneval_model_benchmark/qwen36_v10_humaneval_limit20_20260428/models/openrouter_qwen_qwen3.6-plus/logs/humaneval_HumanEval_14_opencode_697fe782aaf3_opencode_output.txt,/home/zi/AgentCodingDos_CodeAgent/experiments/logs/humaneval_model_benchmark/qwen36_v10_humaneval_limit20_20260428/models/openrouter_qwen_qwen3.6-plus/logs/humaneval_HumanEval_14_opencode_697fe782aaf3_opencode_followup.txt,/home/zi/AgentCodingDos_CodeAgent/experiments/logs/humaneval_model_benchmark/qwen36_v10_humaneval_limit20_20260428/models/openrouter_qwen_qwen3.6-plus/logs/humaneval_HumanEval_14_opencode_697fe782aaf3_opencode_analysis.json
humaneval,qwen36_v10_humaneval_limit20_20260428,humaneval_HumanEval_14_kilo_code_90f0fedd765c,HumanEval/14,kilo_code,completed,True,True,True,True,33,12,12,12,11,12,1,1,0,0,0,7,5,1,0,1,0,/home/zi/AgentCodingDos_CodeAgent/experiments/logs/humaneval_model_benchmark/qwen36_v10_humaneval_limit20_20260428/models/openrouter_qwen_qwen3.6-plus/logs/humaneval_HumanEval_14_kilo_code_90f0fedd765c_kilo_code_output.txt,/home/zi/AgentCodingDos_CodeAgent/experiments/logs/humaneval_model_benchmark/qwen36_v10_humaneval_limit20_20260428/models/openrouter_qwen_qwen3.6-plus/logs/humaneval_HumanEval_14_kilo_code_90f0fedd765c_kilo_code_followup.txt,/home/zi/AgentCodingDos_CodeAgent/experiments/logs/humaneval_model_benchmark/qwen36_v10_humaneval_limit20_20260428/models/openrouter_qwen_qwen3.6-plus/logs/humaneval_HumanEval_14_kilo_code_90f0fedd765c_kilo_code_analysis.json
humaneval,qwen36_v10_humaneval_limit20_20260428,humaneval_HumanEval_14_claude_code_c1cea2e8946e,HumanEval/14,claude_code,completed,False,False,False,False,0,0,0,0,0,0,0,0,0,0,0,0,0,0,0,0,0,/home/zi/AgentCodingDos_CodeAgent/experiments/logs/humaneval_model_benchmark/qwen36_v10_humaneval_limit20_20260428/models/openrouter_qwen_qwen3.6-plus/logs/humaneval_HumanEval_14_claude_code_c1cea2e8946e_claude_code_output.txt,/home/zi/AgentCodingDos_CodeAgent/experiments/logs/humaneval_model_benchmark/qwen36_v10_humaneval_limit20_20260428/models/openrouter_qwen_qwen3.6-plus/logs/humaneval_HumanEval_14_claude_code_c1cea2e8946e_claude_code_followup.txt,/home/zi/AgentCodingDos_CodeAgent/experiments/logs/humaneval_model_benchmark/qwen36_v10_humaneval_limit20_20260428/models/openrouter_qwen_qwen3.6-plus/logs/humaneval_HumanEval_14_claude_code_c1cea2e8946e_claude_code_analysis.json
humaneval,qwen36_v10_humaneval_limit20_20260428,humaneval_HumanEval_15_opencode_248f130fd2b9,HumanEval/15,opencode,completed,True,True,True,True,46,12,12,12,11,12,1,1,0,0,0,7,5,1,0,1,0,/home/zi/AgentCodingDos_CodeAgent/experiments/logs/humaneval_model_benchmark/qwen36_v10_humaneval_limit20_20260428/models/openrouter_qwen_qwen3.6-plus/logs/humaneval_HumanEval_15_opencode_248f130fd2b9_opencode_output.txt,/home/zi/AgentCodingDos_CodeAgent/experiments/logs/humaneval_model_benchmark/qwen36_v10_humaneval_limit20_20260428/models/openrouter_qwen_qwen3.6-plus/logs/humaneval_HumanEval_15_opencode_248f130fd2b9_opencode_followup.txt,/home/zi/AgentCodingDos_CodeAgent/experiments/logs/humaneval_model_benchmark/qwen36_v10_humaneval_limit20_20260428/models/openrouter_qwen_qwen3.6-plus/logs/humaneval_HumanEval_15_opencode_248f130fd2b9_opencode_analysis.json
humaneval,qwen36_v10_humaneval_limit20_20260428,humaneval_HumanEval_15_kilo_code_f0c9d7ea327f,HumanEval/15,kilo_code,completed,True,True,True,True,23,12,12,12,11,12,1,1,0,0,0,7,5,1,0,1,0,/home/zi/AgentCodingDos_CodeAgent/experiments/logs/humaneval_model_benchmark/qwen36_v10_humaneval_limit20_20260428/models/openrouter_qwen_qwen3.6-plus/logs/humaneval_HumanEval_15_kilo_code_f0c9d7ea327f_kilo_code_output.txt,/home/zi/AgentCodingDos_CodeAgent/experiments/logs/humaneval_model_benchmark/qwen36_v10_humaneval_limit20_20260428/models/openrouter_qwen_qwen3.6-plus/logs/humaneval_HumanEval_15_kilo_code_f0c9d7ea327f_kilo_code_followup.txt,/home/zi/AgentCodingDos_CodeAgent/experiments/logs/humaneval_model_benchmark/qwen36_v10_humaneval_limit20_20260428/models/openrouter_qwen_qwen3.6-plus/logs/humaneval_HumanEval_15_kilo_code_f0c9d7ea327f_kilo_code_analysis.json
humaneval,qwen36_v10_humaneval_limit20_20260428,humaneval_HumanEval_15_claude_code_60d0a53bbf7e,HumanEval/15,claude_code,completed,False,False,False,False,0,0,0,0,0,0,0,0,0,0,0,0,0,0,0,0,0,/home/zi/AgentCodingDos_CodeAgent/experiments/logs/humaneval_model_benchmark/qwen36_v10_humaneval_limit20_20260428/models/openrouter_qwen_qwen3.6-plus/logs/humaneval_HumanEval_15_claude_code_60d0a53bbf7e_claude_code_output.txt,/home/zi/AgentCodingDos_CodeAgent/experiments/logs/humaneval_model_benchmark/qwen36_v10_humaneval_limit20_20260428/models/openrouter_qwen_qwen3.6-plus/logs/humaneval_HumanEval_15_claude_code_60d0a53bbf7e_claude_code_followup.txt,/home/zi/AgentCodingDos_CodeAgent/experiments/logs/humaneval_model_benchmark/qwen36_v10_humaneval_limit20_20260428/models/openrouter_qwen_qwen3.6-plus/logs/humaneval_HumanEval_15_claude_code_60d0a53bbf7e_claude_code_analysis.json
humaneval,qwen36_v10_humaneval_limit20_20260428,humaneval_HumanEval_16_opencode_0f8b23b56e85,HumanEval/16,opencode,completed,True,True,True,True,41,12,12,12,11,12,1,1,0,0,0,7,5,1,0,1,0,/home/zi/AgentCodingDos_CodeAgent/experiments/logs/humaneval_model_benchmark/qwen36_v10_humaneval_limit20_20260428/models/openrouter_qwen_qwen3.6-plus/logs/humaneval_HumanEval_16_opencode_0f8b23b56e85_opencode_output.txt,/home/zi/AgentCodingDos_CodeAgent/experiments/logs/humaneval_model_benchmark/qwen36_v10_humaneval_limit20_20260428/models/openrouter_qwen_qwen3.6-plus/logs/humaneval_HumanEval_16_opencode_0f8b23b56e85_opencode_followup.txt,/home/zi/AgentCodingDos_CodeAgent/experiments/logs/humaneval_model_benchmark/qwen36_v10_humaneval_limit20_20260428/models/openrouter_qwen_qwen3.6-plus/logs/humaneval_HumanEval_16_opencode_0f8b23b56e85_opencode_analysis.json
humaneval,qwen36_v10_humaneval_limit20_20260428,humaneval_HumanEval_16_kilo_code_289ed87babaa,HumanEval/16,kilo_code,completed,True,True,True,True,29,12,12,12,11,12,1,1,0,0,0,7,5,1,0,1,0,/home/zi/AgentCodingDos_CodeAgent/experiments/logs/humaneval_model_benchmark/qwen36_v10_humaneval_limit20_20260428/models/openrouter_qwen_qwen3.6-plus/logs/humaneval_HumanEval_16_kilo_code_289ed87babaa_kilo_code_output.txt,/home/zi/AgentCodingDos_CodeAgent/experiments/logs/humaneval_model_benchmark/qwen36_v10_humaneval_limit20_20260428/models/openrouter_qwen_qwen3.6-plus/logs/humaneval_HumanEval_16_kilo_code_289ed87babaa_kilo_code_followup.txt,/home/zi/AgentCodingDos_CodeAgent/experiments/logs/humaneval_model_benchmark/qwen36_v10_humaneval_limit20_20260428/models/openrouter_qwen_qwen3.6-plus/logs/humaneval_HumanEval_16_kilo_code_289ed87babaa_kilo_code_analysis.json
humaneval,qwen36_v10_humaneval_limit20_20260428,humaneval_HumanEval_16_claude_code_f8fe9d1049e8,HumanEval/16,claude_code,completed,False,False,False,False,0,0,0,0,0,0,0,0,0,0,0,0,0,0,0,0,0,/home/zi/AgentCodingDos_CodeAgent/experiments/logs/humaneval_model_benchmark/qwen36_v10_humaneval_limit20_20260428/models/openrouter_qwen_qwen3.6-plus/logs/humaneval_HumanEval_16_claude_code_f8fe9d1049e8_claude_code_output.txt,/home/zi/AgentCodingDos_CodeAgent/experiments/logs/humaneval_model_benchmark/qwen36_v10_humaneval_limit20_20260428/models/openrouter_qwen_qwen3.6-plus/logs/humaneval_HumanEval_16_claude_code_f8fe9d1049e8_claude_code_followup.txt,/home/zi/AgentCodingDos_CodeAgent/experiments/logs/humaneval_model_benchmark/qwen36_v10_humaneval_limit20_20260428/models/openrouter_qwen_qwen3.6-plus/logs/humaneval_HumanEval_16_claude_code_f8fe9d1049e8_claude_code_analysis.json
humaneval,qwen36_v10_humaneval_limit20_20260428,humaneval_HumanEval_17_opencode_0d860e371194,HumanEval/17,opencode,completed,True,True,True,True,39,12,12,12,11,12,1,1,0,0,0,7,5,1,0,1,0,/home/zi/AgentCodingDos_CodeAgent/experiments/logs/humaneval_model_benchmark/qwen36_v10_humaneval_limit20_20260428/models/openrouter_qwen_qwen3.6-plus/logs/humaneval_HumanEval_17_opencode_0d860e371194_opencode_output.txt,/home/zi/AgentCodingDos_CodeAgent/experiments/logs/humaneval_model_benchmark/qwen36_v10_humaneval_limit20_20260428/models/openrouter_qwen_qwen3.6-plus/logs/humaneval_HumanEval_17_opencode_0d860e371194_opencode_followup.txt,/home/zi/AgentCodingDos_CodeAgent/experiments/logs/humaneval_model_benchmark/qwen36_v10_humaneval_limit20_20260428/models/openrouter_qwen_qwen3.6-plus/logs/humaneval_HumanEval_17_opencode_0d860e371194_opencode_analysis.json
humaneval,qwen36_v10_humaneval_limit20_20260428,humaneval_HumanEval_17_kilo_code_b4de4dac7813,HumanEval/17,kilo_code,completed,True,True,True,True,33,12,12,12,11,12,1,1,0,0,0,7,5,1,0,1,0,/home/zi/AgentCodingDos_CodeAgent/experiments/logs/humaneval_model_benchmark/qwen36_v10_humaneval_limit20_20260428/models/openrouter_qwen_qwen3.6-plus/logs/humaneval_HumanEval_17_kilo_code_b4de4dac7813_kilo_code_output.txt,/home/zi/AgentCodingDos_CodeAgent/experiments/logs/humaneval_model_benchmark/qwen36_v10_humaneval_limit20_20260428/models/openrouter_qwen_qwen3.6-plus/logs/humaneval_HumanEval_17_kilo_code_b4de4dac7813_kilo_code_followup.txt,/home/zi/AgentCodingDos_CodeAgent/experiments/logs/humaneval_model_benchmark/qwen36_v10_humaneval_limit20_20260428/models/openrouter_qwen_qwen3.6-plus/logs/humaneval_HumanEval_17_kilo_code_b4de4dac7813_kilo_code_analysis.json
humaneval,qwen36_v10_humaneval_limit20_20260428,humaneval_HumanEval_17_claude_code_bb8b49fbc5e8,HumanEval/17,claude_code,completed,False,False,False,False,0,0,0,0,0,0,0,0,0,0,0,0,0,0,0,0,0,/home/zi/AgentCodingDos_CodeAgent/experiments/logs/humaneval_model_benchmark/qwen36_v10_humaneval_limit20_20260428/models/openrouter_qwen_qwen3.6-plus/logs/humaneval_HumanEval_17_claude_code_bb8b49fbc5e8_claude_code_output.txt,/home/zi/AgentCodingDos_CodeAgent/experiments/logs/humaneval_model_benchmark/qwen36_v10_humaneval_limit20_20260428/models/openrouter_qwen_qwen3.6-plus/logs/humaneval_HumanEval_17_claude_code_bb8b49fbc5e8_claude_code_followup.txt,/home/zi/AgentCodingDos_CodeAgent/experiments/logs/humaneval_model_benchmark/qwen36_v10_humaneval_limit20_20260428/models/openrouter_qwen_qwen3.6-plus/logs/humaneval_HumanEval_17_claude_code_bb8b49fbc5e8_claude_code_analysis.json
humaneval,qwen36_v10_humaneval_limit20_20260428,humaneval_HumanEval_18_opencode_7a3340efb4d2,HumanEval/18,opencode,completed,True,True,True,True,35,12,12,12,11,12,1,1,0,0,0,7,5,1,0,1,0,/home/zi/AgentCodingDos_CodeAgent/experiments/logs/humaneval_model_benchmark/qwen36_v10_humaneval_limit20_20260428/models/openrouter_qwen_qwen3.6-plus/logs/humaneval_HumanEval_18_opencode_7a3340efb4d2_opencode_output.txt,/home/zi/AgentCodingDos_CodeAgent/experiments/logs/humaneval_model_benchmark/qwen36_v10_humaneval_limit20_20260428/models/openrouter_qwen_qwen3.6-plus/logs/humaneval_HumanEval_18_opencode_7a3340efb4d2_opencode_followup.txt,/home/zi/AgentCodingDos_CodeAgent/experiments/logs/humaneval_model_benchmark/qwen36_v10_humaneval_limit20_20260428/models/openrouter_qwen_qwen3.6-plus/logs/humaneval_HumanEval_18_opencode_7a3340efb4d2_opencode_analysis.json
humaneval,qwen36_v10_humaneval_limit20_20260428,humaneval_HumanEval_18_kilo_code_0af62ff2da4d,HumanEval/18,kilo_code,completed,True,True,True,True,31,12,12,12,11,12,1,1,0,0,0,7,5,1,0,1,0,/home/zi/AgentCodingDos_CodeAgent/experiments/logs/humaneval_model_benchmark/qwen36_v10_humaneval_limit20_20260428/models/openrouter_qwen_qwen3.6-plus/logs/humaneval_HumanEval_18_kilo_code_0af62ff2da4d_kilo_code_output.txt,/home/zi/AgentCodingDos_CodeAgent/experiments/logs/humaneval_model_benchmark/qwen36_v10_humaneval_limit20_20260428/models/openrouter_qwen_qwen3.6-plus/logs/humaneval_HumanEval_18_kilo_code_0af62ff2da4d_kilo_code_followup.txt,/home/zi/AgentCodingDos_CodeAgent/experiments/logs/humaneval_model_benchmark/qwen36_v10_humaneval_limit20_20260428/models/openrouter_qwen_qwen3.6-plus/logs/humaneval_HumanEval_18_kilo_code_0af62ff2da4d_kilo_code_analysis.json
humaneval,qwen36_v10_humaneval_limit20_20260428,humaneval_HumanEval_18_claude_code_1e678370191b,HumanEval/18,claude_code,completed,False,False,False,False,0,0,0,0,0,0,0,0,0,0,0,0,0,0,0,0,0,/home/zi/AgentCodingDos_CodeAgent/experiments/logs/humaneval_model_benchmark/qwen36_v10_humaneval_limit20_20260428/models/openrouter_qwen_qwen3.6-plus/logs/humaneval_HumanEval_18_claude_code_1e678370191b_claude_code_output.txt,/home/zi/AgentCodingDos_CodeAgent/experiments/logs/humaneval_model_benchmark/qwen36_v10_humaneval_limit20_20260428/models/openrouter_qwen_qwen3.6-plus/logs/humaneval_HumanEval_18_claude_code_1e678370191b_claude_code_followup.txt,/home/zi/AgentCodingDos_CodeAgent/experiments/logs/humaneval_model_benchmark/qwen36_v10_humaneval_limit20_20260428/models/openrouter_qwen_qwen3.6-plus/logs/humaneval_HumanEval_18_claude_code_1e678370191b_claude_code_analysis.json
humaneval,qwen36_v10_humaneval_limit20_20260428,humaneval_HumanEval_19_opencode_82cabd0b3b8c,HumanEval/19,opencode,completed,True,True,True,True,39,12,12,12,11,12,1,1,0,0,0,7,5,1,0,1,0,/home/zi/AgentCodingDos_CodeAgent/experiments/logs/humaneval_model_benchmark/qwen36_v10_humaneval_limit20_20260428/models/openrouter_qwen_qwen3.6-plus/logs/humaneval_HumanEval_19_opencode_82cabd0b3b8c_opencode_output.txt,/home/zi/AgentCodingDos_CodeAgent/experiments/logs/humaneval_model_benchmark/qwen36_v10_humaneval_limit20_20260428/models/openrouter_qwen_qwen3.6-plus/logs/humaneval_HumanEval_19_opencode_82cabd0b3b8c_opencode_followup.txt,/home/zi/AgentCodingDos_CodeAgent/experiments/logs/humaneval_model_benchmark/qwen36_v10_humaneval_limit20_20260428/models/openrouter_qwen_qwen3.6-plus/logs/humaneval_HumanEval_19_opencode_82cabd0b3b8c_opencode_analysis.json
humaneval,qwen36_v10_humaneval_limit20_20260428,humaneval_HumanEval_19_kilo_code_f29106bca278,HumanEval/19,kilo_code,completed,True,True,True,True,35,12,12,12,11,12,1,1,0,0,0,7,5,1,0,1,0,/home/zi/AgentCodingDos_CodeAgent/experiments/logs/humaneval_model_benchmark/qwen36_v10_humaneval_limit20_20260428/models/openrouter_qwen_qwen3.6-plus/logs/humaneval_HumanEval_19_kilo_code_f29106bca278_kilo_code_output.txt,/home/zi/AgentCodingDos_CodeAgent/experiments/logs/humaneval_model_benchmark/qwen36_v10_humaneval_limit20_20260428/models/openrouter_qwen_qwen3.6-plus/logs/humaneval_HumanEval_19_kilo_code_f29106bca278_kilo_code_followup.txt,/home/zi/AgentCodingDos_CodeAgent/experiments/logs/humaneval_model_benchmark/qwen36_v10_humaneval_limit20_20260428/models/openrouter_qwen_qwen3.6-plus/logs/humaneval_HumanEval_19_kilo_code_f29106bca278_kilo_code_analysis.json
humaneval,qwen36_v10_humaneval_limit20_20260428,humaneval_HumanEval_19_claude_code_d3003cc09881,HumanEval/19,claude_code,completed,False,False,False,False,0,0,0,0,0,0,0,0,0,0,0,0,0,0,0,0,0,/home/zi/AgentCodingDos_CodeAgent/experiments/logs/humaneval_model_benchmark/qwen36_v10_humaneval_limit20_20260428/models/openrouter_qwen_qwen3.6-plus/logs/humaneval_HumanEval_19_claude_code_d3003cc09881_claude_code_output.txt,/home/zi/AgentCodingDos_CodeAgent/experiments/logs/humaneval_model_benchmark/qwen36_v10_humaneval_limit20_20260428/models/openrouter_qwen_qwen3.6-plus/logs/humaneval_HumanEval_19_claude_code_d3003cc09881_claude_code_followup.txt,/home/zi/AgentCodingDos_CodeAgent/experiments/logs/humaneval_model_benchmark/qwen36_v10_humaneval_limit20_20260428/models/openrouter_qwen_qwen3.6-plus/logs/humaneval_HumanEval_19_claude_code_d3003cc09881_claude_code_analysis.json
swebench,qwen36_v10_swebench_limit20_20260428,swebench_DataDog__integrations-core-10093_opencode_fd42d8fa4d3b,DataDog__integrations-core-10093,opencode,completed,True,True,True,True,66,12,12,12,11,12,1,1,0,0,0,7,5,1,0,1,0,/home/zi/AgentCodingDos_CodeAgent/experiments/logs/swebench_model_benchmark/qwen36_v10_swebench_limit20_20260428/models/openrouter_qwen_qwen3.6-plus/logs/swebench_DataDog__integrations-core-10093_opencode_fd42d8fa4d3b_opencode_output.txt,/home/zi/AgentCodingDos_CodeAgent/experiments/logs/swebench_model_benchmark/qwen36_v10_swebench_limit20_20260428/models/openrouter_qwen_qwen3.6-plus/logs/swebench_DataDog__integrations-core-10093_opencode_fd42d8fa4d3b_opencode_followup.txt,/home/zi/AgentCodingDos_CodeAgent/experiments/logs/swebench_model_benchmark/qwen36_v10_swebench_limit20_20260428/models/openrouter_qwen_qwen3.6-plus/logs/swebench_DataDog__integrations-core-10093_opencode_fd42d8fa4d3b_opencode_analysis.json
swebench,qwen36_v10_swebench_limit20_20260428,swebench_DataDog__integrations-core-10093_kilo_code_aa77ba20d89c,DataDog__integrations-core-10093,kilo_code,completed,True,True,True,True,49,12,12,12,11,12,1,1,0,0,0,7,5,1,0,1,0,/home/zi/AgentCodingDos_CodeAgent/experiments/logs/swebench_model_benchmark/qwen36_v10_swebench_limit20_20260428/models/openrouter_qwen_qwen3.6-plus/logs/swebench_DataDog__integrations-core-10093_kilo_code_aa77ba20d89c_kilo_code_output.txt,/home/zi/AgentCodingDos_CodeAgent/experiments/logs/swebench_model_benchmark/qwen36_v10_swebench_limit20_20260428/models/openrouter_qwen_qwen3.6-plus/logs/swebench_DataDog__integrations-core-10093_kilo_code_aa77ba20d89c_kilo_code_followup.txt,/home/zi/AgentCodingDos_CodeAgent/experiments/logs/swebench_model_benchmark/qwen36_v10_swebench_limit20_20260428/models/openrouter_qwen_qwen3.6-plus/logs/swebench_DataDog__integrations-core-10093_kilo_code_aa77ba20d89c_kilo_code_analysis.json
swebench,qwen36_v10_swebench_limit20_20260428,swebench_DataDog__integrations-core-10093_claude_code_795139174dff,DataDog__integrations-core-10093,claude_code,completed,False,False,False,False,0,0,0,0,0,0,0,0,0,0,0,0,0,0,0,0,0,/home/zi/AgentCodingDos_CodeAgent/experiments/logs/swebench_model_benchmark/qwen36_v10_swebench_limit20_20260428/models/openrouter_qwen_qwen3.6-plus/logs/swebench_DataDog__integrations-core-10093_claude_code_795139174dff_claude_code_output.txt,/home/zi/AgentCodingDos_CodeAgent/experiments/logs/swebench_model_benchmark/qwen36_v10_swebench_limit20_20260428/models/openrouter_qwen_qwen3.6-plus/logs/swebench_DataDog__integrations-core-10093_claude_code_795139174dff_claude_code_followup.txt,/home/zi/AgentCodingDos_CodeAgent/experiments/logs/swebench_model_benchmark/qwen36_v10_swebench_limit20_20260428/models/openrouter_qwen_qwen3.6-plus/logs/swebench_DataDog__integrations-core-10093_claude_code_795139174dff_claude_code_analysis.json
swebench,qwen36_v10_swebench_limit20_20260428,swebench_DataDog__integrations-core-1013_opencode_46639d00651f,DataDog__integrations-core-1013,opencode,completed,True,True,True,True,45,11,11,11,10,11,1,1,0,0,0,6,5,1,0,1,0,/home/zi/AgentCodingDos_CodeAgent/experiments/logs/swebench_model_benchmark/qwen36_v10_swebench_limit20_20260428/models/openrouter_qwen_qwen3.6-plus/logs/swebench_DataDog__integrations-core-1013_opencode_46639d00651f_opencode_output.txt,/home/zi/AgentCodingDos_CodeAgent/experiments/logs/swebench_model_benchmark/qwen36_v10_swebench_limit20_20260428/models/openrouter_qwen_qwen3.6-plus/logs/swebench_DataDog__integrations-core-1013_opencode_46639d00651f_opencode_followup.txt,/home/zi/AgentCodingDos_CodeAgent/experiments/logs/swebench_model_benchmark/qwen36_v10_swebench_limit20_20260428/models/openrouter_qwen_qwen3.6-plus/logs/swebench_DataDog__integrations-core-1013_opencode_46639d00651f_opencode_analysis.json
swebench,qwen36_v10_swebench_limit20_20260428,swebench_DataDog__integrations-core-1013_kilo_code_bfae2d29d322,DataDog__integrations-core-1013,kilo_code,completed,True,False,False,False,34,0,0,0,0,0,0,0,0,0,0,0,0,0,0,0,0,/home/zi/AgentCodingDos_CodeAgent/experiments/logs/swebench_model_benchmark/qwen36_v10_swebench_limit20_20260428/models/openrouter_qwen_qwen3.6-plus/logs/swebench_DataDog__integrations-core-1013_kilo_code_bfae2d29d322_kilo_code_output.txt,/home/zi/AgentCodingDos_CodeAgent/experiments/logs/swebench_model_benchmark/qwen36_v10_swebench_limit20_20260428/models/openrouter_qwen_qwen3.6-plus/logs/swebench_DataDog__integrations-core-1013_kilo_code_bfae2d29d322_kilo_code_followup.txt,/home/zi/AgentCodingDos_CodeAgent/experiments/logs/swebench_model_benchmark/qwen36_v10_swebench_limit20_20260428/models/openrouter_qwen_qwen3.6-plus/logs/swebench_DataDog__integrations-core-1013_kilo_code_bfae2d29d322_kilo_code_analysis.json
swebench,qwen36_v10_swebench_limit20_20260428,swebench_DataDog__integrations-core-1013_claude_code_2fc5f70761da,DataDog__integrations-core-1013,claude_code,completed,False,False,False,False,2,0,0,0,0,0,0,0,0,0,0,0,0,0,0,0,0,/home/zi/AgentCodingDos_CodeAgent/experiments/logs/swebench_model_benchmark/qwen36_v10_swebench_limit20_20260428/models/openrouter_qwen_qwen3.6-plus/logs/swebench_DataDog__integrations-core-1013_claude_code_2fc5f70761da_claude_code_output.txt,/home/zi/AgentCodingDos_CodeAgent/experiments/logs/swebench_model_benchmark/qwen36_v10_swebench_limit20_20260428/models/openrouter_qwen_qwen3.6-plus/logs/swebench_DataDog__integrations-core-1013_claude_code_2fc5f70761da_claude_code_followup.txt,/home/zi/AgentCodingDos_CodeAgent/experiments/logs/swebench_model_benchmark/qwen36_v10_swebench_limit20_20260428/models/openrouter_qwen_qwen3.6-plus/logs/swebench_DataDog__integrations-core-1013_claude_code_2fc5f70761da_claude_code_analysis.json
swebench,qwen36_v10_swebench_limit20_20260428,swebench_DataDog__integrations-core-1019_opencode_275e9fd33dbb,DataDog__integrations-core-1019,opencode,completed,False,True,True,True,31,12,12,12,10,12,2,1,0,0,0,6,6,1,1,1,0,/home/zi/AgentCodingDos_CodeAgent/experiments/logs/swebench_model_benchmark/qwen36_v10_swebench_limit20_20260428/models/openrouter_qwen_qwen3.6-plus/logs/swebench_DataDog__integrations-core-1019_opencode_275e9fd33dbb_opencode_output.txt,/home/zi/AgentCodingDos_CodeAgent/experiments/logs/swebench_model_benchmark/qwen36_v10_swebench_limit20_20260428/models/openrouter_qwen_qwen3.6-plus/logs/swebench_DataDog__integrations-core-1019_opencode_275e9fd33dbb_opencode_followup.txt,/home/zi/AgentCodingDos_CodeAgent/experiments/logs/swebench_model_benchmark/qwen36_v10_swebench_limit20_20260428/models/openrouter_qwen_qwen3.6-plus/logs/swebench_DataDog__integrations-core-1019_opencode_275e9fd33dbb_opencode_analysis.json
swebench,qwen36_v10_swebench_limit20_20260428,swebench_DataDog__integrations-core-1019_kilo_code_72063714bde1,DataDog__integrations-core-1019,kilo_code,completed,True,True,True,True,73,12,12,12,11,12,1,1,0,0,0,7,5,1,0,1,0,/home/zi/AgentCodingDos_CodeAgent/experiments/logs/swebench_model_benchmark/qwen36_v10_swebench_limit20_20260428/models/openrouter_qwen_qwen3.6-plus/logs/swebench_DataDog__integrations-core-1019_kilo_code_72063714bde1_kilo_code_output.txt,/home/zi/AgentCodingDos_CodeAgent/experiments/logs/swebench_model_benchmark/qwen36_v10_swebench_limit20_20260428/models/openrouter_qwen_qwen3.6-plus/logs/swebench_DataDog__integrations-core-1019_kilo_code_72063714bde1_kilo_code_followup.txt,/home/zi/AgentCodingDos_CodeAgent/experiments/logs/swebench_model_benchmark/qwen36_v10_swebench_limit20_20260428/models/openrouter_qwen_qwen3.6-plus/logs/swebench_DataDog__integrations-core-1019_kilo_code_72063714bde1_kilo_code_analysis.json
swebench,qwen36_v10_swebench_limit20_20260428,swebench_DataDog__integrations-core-1019_claude_code_192055bd0dbb,DataDog__integrations-core-1019,claude_code,completed,True,False,False,False,31,0,0,0,0,0,0,0,0,0,0,0,0,0,0,0,0,/home/zi/AgentCodingDos_CodeAgent/experiments/logs/swebench_model_benchmark/qwen36_v10_swebench_limit20_20260428/models/openrouter_qwen_qwen3.6-plus/logs/swebench_DataDog__integrations-core-1019_claude_code_192055bd0dbb_claude_code_output.txt,/home/zi/AgentCodingDos_CodeAgent/experiments/logs/swebench_model_benchmark/qwen36_v10_swebench_limit20_20260428/models/openrouter_qwen_qwen3.6-plus/logs/swebench_DataDog__integrations-core-1019_claude_code_192055bd0dbb_claude_code_followup.txt,/home/zi/AgentCodingDos_CodeAgent/experiments/logs/swebench_model_benchmark/qwen36_v10_swebench_limit20_20260428/models/openrouter_qwen_qwen3.6-plus/logs/swebench_DataDog__integrations-core-1019_claude_code_192055bd0dbb_claude_code_analysis.json
swebench,qwen36_v10_swebench_limit20_20260428,swebench_DataDog__integrations-core-10414_opencode_0241bcc5bc4c,DataDog__integrations-core-10414,opencode,completed,False,True,True,True,39,11,11,11,10,11,1,1,0,0,0,6,5,1,0,1,0,/home/zi/AgentCodingDos_CodeAgent/experiments/logs/swebench_model_benchmark/qwen36_v10_swebench_limit20_20260428/models/openrouter_qwen_qwen3.6-plus/logs/swebench_DataDog__integrations-core-10414_opencode_0241bcc5bc4c_opencode_output.txt,/home/zi/AgentCodingDos_CodeAgent/experiments/logs/swebench_model_benchmark/qwen36_v10_swebench_limit20_20260428/models/openrouter_qwen_qwen3.6-plus/logs/swebench_DataDog__integrations-core-10414_opencode_0241bcc5bc4c_opencode_followup.txt,/home/zi/AgentCodingDos_CodeAgent/experiments/logs/swebench_model_benchmark/qwen36_v10_swebench_limit20_20260428/models/openrouter_qwen_qwen3.6-plus/logs/swebench_DataDog__integrations-core-10414_opencode_0241bcc5bc4c_opencode_analysis.json
swebench,qwen36_v10_swebench_limit20_20260428,swebench_DataDog__integrations-core-10414_kilo_code_89ad893b1dd7,DataDog__integrations-core-10414,kilo_code,completed,True,True,True,True,49,12,12,12,11,12,1,1,0,0,0,7,5,1,0,1,0,/home/zi/AgentCodingDos_CodeAgent/experiments/logs/swebench_model_benchmark/qwen36_v10_swebench_limit20_20260428/models/openrouter_qwen_qwen3.6-plus/logs/swebench_DataDog__integrations-core-10414_kilo_code_89ad893b1dd7_kilo_code_output.txt,/home/zi/AgentCodingDos_CodeAgent/experiments/logs/swebench_model_benchmark/qwen36_v10_swebench_limit20_20260428/models/openrouter_qwen_qwen3.6-plus/logs/swebench_DataDog__integrations-core-10414_kilo_code_89ad893b1dd7_kilo_code_followup.txt,/home/zi/AgentCodingDos_CodeAgent/experiments/logs/swebench_model_benchmark/qwen36_v10_swebench_limit20_20260428/models/openrouter_qwen_qwen3.6-plus/logs/swebench_DataDog__integrations-core-10414_kilo_code_89ad893b1dd7_kilo_code_analysis.json
swebench,qwen36_v10_swebench_limit20_20260428,swebench_DataDog__integrations-core-10414_claude_code_aebbe9a271b7,DataDog__integrations-core-10414,claude_code,completed,False,True,False,False,79,0,0,11,0,0,0,0,0,0,0,0,0,0,0,0,0,/home/zi/AgentCodingDos_CodeAgent/experiments/logs/swebench_model_benchmark/qwen36_v10_swebench_limit20_20260428/models/openrouter_qwen_qwen3.6-plus/logs/swebench_DataDog__integrations-core-10414_claude_code_aebbe9a271b7_claude_code_output.txt,/home/zi/AgentCodingDos_CodeAgent/experiments/logs/swebench_model_benchmark/qwen36_v10_swebench_limit20_20260428/models/openrouter_qwen_qwen3.6-plus/logs/swebench_DataDog__integrations-core-10414_claude_code_aebbe9a271b7_claude_code_followup.txt,/home/zi/AgentCodingDos_CodeAgent/experiments/logs/swebench_model_benchmark/qwen36_v10_swebench_limit20_20260428/models/openrouter_qwen_qwen3.6-plus/logs/swebench_DataDog__integrations-core-10414_claude_code_aebbe9a271b7_claude_code_analysis.json
swebench,qwen36_v10_swebench_limit20_20260428,swebench_DataDog__integrations-core-11210_opencode_b424674d5dc0,DataDog__integrations-core-11210,opencode,completed,True,True,True,True,40,11,11,11,11,0,0,1,0,0,0,6,5,0,0,1,0,/home/zi/AgentCodingDos_CodeAgent/experiments/logs/swebench_model_benchmark/qwen36_v10_swebench_limit20_20260428/models/openrouter_qwen_qwen3.6-plus/logs/swebench_DataDog__integrations-core-11210_opencode_b424674d5dc0_opencode_output.txt,/home/zi/AgentCodingDos_CodeAgent/experiments/logs/swebench_model_benchmark/qwen36_v10_swebench_limit20_20260428/models/openrouter_qwen_qwen3.6-plus/logs/swebench_DataDog__integrations-core-11210_opencode_b424674d5dc0_opencode_followup.txt,/home/zi/AgentCodingDos_CodeAgent/experiments/logs/swebench_model_benchmark/qwen36_v10_swebench_limit20_20260428/models/openrouter_qwen_qwen3.6-plus/logs/swebench_DataDog__integrations-core-11210_opencode_b424674d5dc0_opencode_analysis.json
swebench,qwen36_v10_swebench_limit20_20260428,swebench_DataDog__integrations-core-11210_kilo_code_216adf3aa362,DataDog__integrations-core-11210,kilo_code,completed,True,True,True,True,62,12,12,12,10,12,2,1,0,0,0,7,5,2,0,1,0,/home/zi/AgentCodingDos_CodeAgent/experiments/logs/swebench_model_benchmark/qwen36_v10_swebench_limit20_20260428/models/openrouter_qwen_qwen3.6-plus/logs/swebench_DataDog__integrations-core-11210_kilo_code_216adf3aa362_kilo_code_output.txt,/home/zi/AgentCodingDos_CodeAgent/experiments/logs/swebench_model_benchmark/qwen36_v10_swebench_limit20_20260428/models/openrouter_qwen_qwen3.6-plus/logs/swebench_DataDog__integrations-core-11210_kilo_code_216adf3aa362_kilo_code_followup.txt,/home/zi/AgentCodingDos_CodeAgent/experiments/logs/swebench_model_benchmark/qwen36_v10_swebench_limit20_20260428/models/openrouter_qwen_qwen3.6-plus/logs/swebench_DataDog__integrations-core-11210_kilo_code_216adf3aa362_kilo_code_analysis.json
swebench,qwen36_v10_swebench_limit20_20260428,swebench_DataDog__integrations-core-11210_claude_code_74dfc27f8c38,DataDog__integrations-core-11210,claude_code,completed,True,False,False,False,27,0,0,0,0,0,0,0,0,0,0,0,0,0,0,0,0,/home/zi/AgentCodingDos_CodeAgent/experiments/logs/swebench_model_benchmark/qwen36_v10_swebench_limit20_20260428/models/openrouter_qwen_qwen3.6-plus/logs/swebench_DataDog__integrations-core-11210_claude_code_74dfc27f8c38_claude_code_output.txt,/home/zi/AgentCodingDos_CodeAgent/experiments/logs/swebench_model_benchmark/qwen36_v10_swebench_limit20_20260428/models/openrouter_qwen_qwen3.6-plus/logs/swebench_DataDog__integrations-core-11210_claude_code_74dfc27f8c38_claude_code_followup.txt,/home/zi/AgentCodingDos_CodeAgent/experiments/logs/swebench_model_benchmark/qwen36_v10_swebench_limit20_20260428/models/openrouter_qwen_qwen3.6-plus/logs/swebench_DataDog__integrations-core-11210_claude_code_74dfc27f8c38_claude_code_analysis.json
swebench,qwen36_v10_swebench_limit20_20260428,swebench_DataDog__integrations-core-1145_opencode_5f6004565059,DataDog__integrations-core-1145,opencode,completed,False,True,True,True,30,11,11,11,10,11,1,1,0,0,0,6,5,1,0,1,0,/home/zi/AgentCodingDos_CodeAgent/experiments/logs/swebench_model_benchmark/qwen36_v10_swebench_limit20_20260428/models/openrouter_qwen_qwen3.6-plus/logs/swebench_DataDog__integrations-core-1145_opencode_5f6004565059_opencode_output.txt,/home/zi/AgentCodingDos_CodeAgent/experiments/logs/swebench_model_benchmark/qwen36_v10_swebench_limit20_20260428/models/openrouter_qwen_qwen3.6-plus/logs/swebench_DataDog__integrations-core-1145_opencode_5f6004565059_opencode_followup.txt,/home/zi/AgentCodingDos_CodeAgent/experiments/logs/swebench_model_benchmark/qwen36_v10_swebench_limit20_20260428/models/openrouter_qwen_qwen3.6-plus/logs/swebench_DataDog__integrations-core-1145_opencode_5f6004565059_opencode_analysis.json
swebench,qwen36_v10_swebench_limit20_20260428,swebench_DataDog__integrations-core-1145_kilo_code_913b828f25a2,DataDog__integrations-core-1145,kilo_code,completed,True,True,True,True,50,12,12,12,11,12,1,1,0,0,0,7,5,1,0,1,0,/home/zi/AgentCodingDos_CodeAgent/experiments/logs/swebench_model_benchmark/qwen36_v10_swebench_limit20_20260428/models/openrouter_qwen_qwen3.6-plus/logs/swebench_DataDog__integrations-core-1145_kilo_code_913b828f25a2_kilo_code_output.txt,/home/zi/AgentCodingDos_CodeAgent/experiments/logs/swebench_model_benchmark/qwen36_v10_swebench_limit20_20260428/models/openrouter_qwen_qwen3.6-plus/logs/swebench_DataDog__integrations-core-1145_kilo_code_913b828f25a2_kilo_code_followup.txt,/home/zi/AgentCodingDos_CodeAgent/experiments/logs/swebench_model_benchmark/qwen36_v10_swebench_limit20_20260428/models/openrouter_qwen_qwen3.6-plus/logs/swebench_DataDog__integrations-core-1145_kilo_code_913b828f25a2_kilo_code_analysis.json
swebench,qwen36_v10_swebench_limit20_20260428,swebench_DataDog__integrations-core-1145_claude_code_f01c4304ced7,DataDog__integrations-core-1145,claude_code,completed,True,False,False,False,26,0,0,0,0,0,0,0,0,0,0,0,0,0,0,0,0,/home/zi/AgentCodingDos_CodeAgent/experiments/logs/swebench_model_benchmark/qwen36_v10_swebench_limit20_20260428/models/openrouter_qwen_qwen3.6-plus/logs/swebench_DataDog__integrations-core-1145_claude_code_f01c4304ced7_claude_code_output.txt,/home/zi/AgentCodingDos_CodeAgent/experiments/logs/swebench_model_benchmark/qwen36_v10_swebench_limit20_20260428/models/openrouter_qwen_qwen3.6-plus/logs/swebench_DataDog__integrations-core-1145_claude_code_f01c4304ced7_claude_code_followup.txt,/home/zi/AgentCodingDos_CodeAgent/experiments/logs/swebench_model_benchmark/qwen36_v10_swebench_limit20_20260428/models/openrouter_qwen_qwen3.6-plus/logs/swebench_DataDog__integrations-core-1145_claude_code_f01c4304ced7_claude_code_analysis.json
swebench,qwen36_v10_swebench_limit20_20260428,swebench_DataDog__integrations-core-12675_opencode_191a99b29ee7,DataDog__integrations-core-12675,opencode,completed,True,True,True,True,49,12,12,12,11,12,1,1,0,0,0,7,5,1,0,1,0,/home/zi/AgentCodingDos_CodeAgent/experiments/logs/swebench_model_benchmark/qwen36_v10_swebench_limit20_20260428/models/openrouter_qwen_qwen3.6-plus/logs/swebench_DataDog__integrations-core-12675_opencode_191a99b29ee7_opencode_output.txt,/home/zi/AgentCodingDos_CodeAgent/experiments/logs/swebench_model_benchmark/qwen36_v10_swebench_limit20_20260428/models/openrouter_qwen_qwen3.6-plus/logs/swebench_DataDog__integrations-core-12675_opencode_191a99b29ee7_opencode_followup.txt,/home/zi/AgentCodingDos_CodeAgent/experiments/logs/swebench_model_benchmark/qwen36_v10_swebench_limit20_20260428/models/openrouter_qwen_qwen3.6-plus/logs/swebench_DataDog__integrations-core-12675_opencode_191a99b29ee7_opencode_analysis.json
swebench,qwen36_v10_swebench_limit20_20260428,swebench_DataDog__integrations-core-12675_kilo_code_1973dacddd7c,DataDog__integrations-core-12675,kilo_code,completed,True,True,True,True,46,12,12,12,11,12,1,1,0,0,0,7,5,1,0,1,0,/home/zi/AgentCodingDos_CodeAgent/experiments/logs/swebench_model_benchmark/qwen36_v10_swebench_limit20_20260428/models/openrouter_qwen_qwen3.6-plus/logs/swebench_DataDog__integrations-core-12675_kilo_code_1973dacddd7c_kilo_code_output.txt,/home/zi/AgentCodingDos_CodeAgent/experiments/logs/swebench_model_benchmark/qwen36_v10_swebench_limit20_20260428/models/openrouter_qwen_qwen3.6-plus/logs/swebench_DataDog__integrations-core-12675_kilo_code_1973dacddd7c_kilo_code_followup.txt,/home/zi/AgentCodingDos_CodeAgent/experiments/logs/swebench_model_benchmark/qwen36_v10_swebench_limit20_20260428/models/openrouter_qwen_qwen3.6-plus/logs/swebench_DataDog__integrations-core-12675_kilo_code_1973dacddd7c_kilo_code_analysis.json
swebench,qwen36_v10_swebench_limit20_20260428,swebench_DataDog__integrations-core-12675_claude_code_2f9aa9107007,DataDog__integrations-core-12675,claude_code,completed,True,False,False,False,39,0,0,0,0,0,0,0,0,0,0,0,0,0,0,0,0,/home/zi/AgentCodingDos_CodeAgent/experiments/logs/swebench_model_benchmark/qwen36_v10_swebench_limit20_20260428/models/openrouter_qwen_qwen3.6-plus/logs/swebench_DataDog__integrations-core-12675_claude_code_2f9aa9107007_claude_code_output.txt,/home/zi/AgentCodingDos_CodeAgent/experiments/logs/swebench_model_benchmark/qwen36_v10_swebench_limit20_20260428/models/openrouter_qwen_qwen3.6-plus/logs/swebench_DataDog__integrations-core-12675_claude_code_2f9aa9107007_claude_code_followup.txt,/home/zi/AgentCodingDos_CodeAgent/experiments/logs/swebench_model_benchmark/qwen36_v10_swebench_limit20_20260428/models/openrouter_qwen_qwen3.6-plus/logs/swebench_DataDog__integrations-core-12675_claude_code_2f9aa9107007_claude_code_analysis.json
swebench,qwen36_v10_swebench_limit20_20260428,swebench_DataDog__integrations-core-1369_opencode_61814a43e92b,DataDog__integrations-core-1369,opencode,completed,True,True,True,True,43,13,13,13,11,13,2,1,0,0,0,7,6,1,1,1,0,/home/zi/AgentCodingDos_CodeAgent/experiments/logs/swebench_model_benchmark/qwen36_v10_swebench_limit20_20260428/models/openrouter_qwen_qwen3.6-plus/logs/swebench_DataDog__integrations-core-1369_opencode_61814a43e92b_opencode_output.txt,/home/zi/AgentCodingDos_CodeAgent/experiments/logs/swebench_model_benchmark/qwen36_v10_swebench_limit20_20260428/models/openrouter_qwen_qwen3.6-plus/logs/swebench_DataDog__integrations-core-1369_opencode_61814a43e92b_opencode_followup.txt,/home/zi/AgentCodingDos_CodeAgent/experiments/logs/swebench_model_benchmark/qwen36_v10_swebench_limit20_20260428/models/openrouter_qwen_qwen3.6-plus/logs/swebench_DataDog__integrations-core-1369_opencode_61814a43e92b_opencode_analysis.json
swebench,qwen36_v10_swebench_limit20_20260428,swebench_DataDog__integrations-core-1369_kilo_code_a33c647ba123,DataDog__integrations-core-1369,kilo_code,completed,True,True,True,True,29,12,12,12,11,12,1,1,0,0,0,7,5,1,0,1,0,/home/zi/AgentCodingDos_CodeAgent/experiments/logs/swebench_model_benchmark/qwen36_v10_swebench_limit20_20260428/models/openrouter_qwen_qwen3.6-plus/logs/swebench_DataDog__integrations-core-1369_kilo_code_a33c647ba123_kilo_code_output.txt,/home/zi/AgentCodingDos_CodeAgent/experiments/logs/swebench_model_benchmark/qwen36_v10_swebench_limit20_20260428/models/openrouter_qwen_qwen3.6-plus/logs/swebench_DataDog__integrations-core-1369_kilo_code_a33c647ba123_kilo_code_followup.txt,/home/zi/AgentCodingDos_CodeAgent/experiments/logs/swebench_model_benchmark/qwen36_v10_swebench_limit20_20260428/models/openrouter_qwen_qwen3.6-plus/logs/swebench_DataDog__integrations-core-1369_kilo_code_a33c647ba123_kilo_code_analysis.json
swebench,qwen36_v10_swebench_limit20_20260428,swebench_DataDog__integrations-core-1369_claude_code_5b4439067ee0,DataDog__integrations-core-1369,claude_code,completed,True,False,False,False,37,0,0,0,0,0,0,0,0,0,0,0,0,0,0,0,0,/home/zi/AgentCodingDos_CodeAgent/experiments/logs/swebench_model_benchmark/qwen36_v10_swebench_limit20_20260428/models/openrouter_qwen_qwen3.6-plus/logs/swebench_DataDog__integrations-core-1369_claude_code_5b4439067ee0_claude_code_output.txt,/home/zi/AgentCodingDos_CodeAgent/experiments/logs/swebench_model_benchmark/qwen36_v10_swebench_limit20_20260428/models/openrouter_qwen_qwen3.6-plus/logs/swebench_DataDog__integrations-core-1369_claude_code_5b4439067ee0_claude_code_followup.txt,/home/zi/AgentCodingDos_CodeAgent/experiments/logs/swebench_model_benchmark/qwen36_v10_swebench_limit20_20260428/models/openrouter_qwen_qwen3.6-plus/logs/swebench_DataDog__integrations-core-1369_claude_code_5b4439067ee0_claude_code_analysis.json
swebench,qwen36_v10_swebench_limit20_20260428,swebench_DataDog__integrations-core-1403_opencode_e013b16e8885,DataDog__integrations-core-1403,opencode,completed,False,True,True,True,30,11,11,11,10,11,1,1,0,0,0,6,5,1,0,1,0,/home/zi/AgentCodingDos_CodeAgent/experiments/logs/swebench_model_benchmark/qwen36_v10_swebench_limit20_20260428/models/openrouter_qwen_qwen3.6-plus/logs/swebench_DataDog__integrations-core-1403_opencode_e013b16e8885_opencode_output.txt,/home/zi/AgentCodingDos_CodeAgent/experiments/logs/swebench_model_benchmark/qwen36_v10_swebench_limit20_20260428/models/openrouter_qwen_qwen3.6-plus/logs/swebench_DataDog__integrations-core-1403_opencode_e013b16e8885_opencode_followup.txt,/home/zi/AgentCodingDos_CodeAgent/experiments/logs/swebench_model_benchmark/qwen36_v10_swebench_limit20_20260428/models/openrouter_qwen_qwen3.6-plus/logs/swebench_DataDog__integrations-core-1403_opencode_e013b16e8885_opencode_analysis.json
swebench,qwen36_v10_swebench_limit20_20260428,swebench_DataDog__integrations-core-1403_kilo_code_253324de39f5,DataDog__integrations-core-1403,kilo_code,completed,True,True,True,True,67,12,12,12,11,12,1,1,0,0,0,7,5,1,0,1,0,/home/zi/AgentCodingDos_CodeAgent/experiments/logs/swebench_model_benchmark/qwen36_v10_swebench_limit20_20260428/models/openrouter_qwen_qwen3.6-plus/logs/swebench_DataDog__integrations-core-1403_kilo_code_253324de39f5_kilo_code_output.txt,/home/zi/AgentCodingDos_CodeAgent/experiments/logs/swebench_model_benchmark/qwen36_v10_swebench_limit20_20260428/models/openrouter_qwen_qwen3.6-plus/logs/swebench_DataDog__integrations-core-1403_kilo_code_253324de39f5_kilo_code_followup.txt,/home/zi/AgentCodingDos_CodeAgent/experiments/logs/swebench_model_benchmark/qwen36_v10_swebench_limit20_20260428/models/openrouter_qwen_qwen3.6-plus/logs/swebench_DataDog__integrations-core-1403_kilo_code_253324de39f5_kilo_code_analysis.json
swebench,qwen36_v10_swebench_limit20_20260428,swebench_DataDog__integrations-core-1403_claude_code_b0e84445040c,DataDog__integrations-core-1403,claude_code,completed,True,False,True,True,61,1,1,1,1,1,0,0,0,0,0,1,0,0,0,0,0,/home/zi/AgentCodingDos_CodeAgent/experiments/logs/swebench_model_benchmark/qwen36_v10_swebench_limit20_20260428/models/openrouter_qwen_qwen3.6-plus/logs/swebench_DataDog__integrations-core-1403_claude_code_b0e84445040c_claude_code_output.txt,/home/zi/AgentCodingDos_CodeAgent/experiments/logs/swebench_model_benchmark/qwen36_v10_swebench_limit20_20260428/models/openrouter_qwen_qwen3.6-plus/logs/swebench_DataDog__integrations-core-1403_claude_code_b0e84445040c_claude_code_followup.txt,/home/zi/AgentCodingDos_CodeAgent/experiments/logs/swebench_model_benchmark/qwen36_v10_swebench_limit20_20260428/models/openrouter_qwen_qwen3.6-plus/logs/swebench_DataDog__integrations-core-1403_claude_code_b0e84445040c_claude_code_analysis.json
swebench,qwen36_v10_swebench_limit20_20260428,swebench_DataDog__integrations-core-14459_opencode_b1dff0209c74,DataDog__integrations-core-14459,opencode,completed,True,True,True,True,41,13,13,13,11,13,2,1,0,0,0,7,6,1,1,1,0,/home/zi/AgentCodingDos_CodeAgent/experiments/logs/swebench_model_benchmark/qwen36_v10_swebench_limit20_20260428/models/openrouter_qwen_qwen3.6-plus/logs/swebench_DataDog__integrations-core-14459_opencode_b1dff0209c74_opencode_output.txt,/home/zi/AgentCodingDos_CodeAgent/experiments/logs/swebench_model_benchmark/qwen36_v10_swebench_limit20_20260428/models/openrouter_qwen_qwen3.6-plus/logs/swebench_DataDog__integrations-core-14459_opencode_b1dff0209c74_opencode_followup.txt,/home/zi/AgentCodingDos_CodeAgent/experiments/logs/swebench_model_benchmark/qwen36_v10_swebench_limit20_20260428/models/openrouter_qwen_qwen3.6-plus/logs/swebench_DataDog__integrations-core-14459_opencode_b1dff0209c74_opencode_analysis.json
swebench,qwen36_v10_swebench_limit20_20260428,swebench_DataDog__integrations-core-14459_kilo_code_6eccdf4fb6e9,DataDog__integrations-core-14459,kilo_code,completed,True,True,True,True,58,12,12,12,11,12,1,1,0,0,0,7,5,1,0,1,0,/home/zi/AgentCodingDos_CodeAgent/experiments/logs/swebench_model_benchmark/qwen36_v10_swebench_limit20_20260428/models/openrouter_qwen_qwen3.6-plus/logs/swebench_DataDog__integrations-core-14459_kilo_code_6eccdf4fb6e9_kilo_code_output.txt,/home/zi/AgentCodingDos_CodeAgent/experiments/logs/swebench_model_benchmark/qwen36_v10_swebench_limit20_20260428/models/openrouter_qwen_qwen3.6-plus/logs/swebench_DataDog__integrations-core-14459_kilo_code_6eccdf4fb6e9_kilo_code_followup.txt,/home/zi/AgentCodingDos_CodeAgent/experiments/logs/swebench_model_benchmark/qwen36_v10_swebench_limit20_20260428/models/openrouter_qwen_qwen3.6-plus/logs/swebench_DataDog__integrations-core-14459_kilo_code_6eccdf4fb6e9_kilo_code_analysis.json
swebench,qwen36_v10_swebench_limit20_20260428,swebench_DataDog__integrations-core-14459_claude_code_d9539693f03a,DataDog__integrations-core-14459,claude_code,completed,True,False,False,False,26,0,0,0,0,0,0,0,0,0,0,0,0,0,0,0,0,/home/zi/AgentCodingDos_CodeAgent/experiments/logs/swebench_model_benchmark/qwen36_v10_swebench_limit20_20260428/models/openrouter_qwen_qwen3.6-plus/logs/swebench_DataDog__integrations-core-14459_claude_code_d9539693f03a_claude_code_output.txt,/home/zi/AgentCodingDos_CodeAgent/experiments/logs/swebench_model_benchmark/qwen36_v10_swebench_limit20_20260428/models/openrouter_qwen_qwen3.6-plus/logs/swebench_DataDog__integrations-core-14459_claude_code_d9539693f03a_claude_code_followup.txt,/home/zi/AgentCodingDos_CodeAgent/experiments/logs/swebench_model_benchmark/qwen36_v10_swebench_limit20_20260428/models/openrouter_qwen_qwen3.6-plus/logs/swebench_DataDog__integrations-core-14459_claude_code_d9539693f03a_claude_code_analysis.json
swebench,qwen36_v10_swebench_limit20_20260428,swebench_DataDog__integrations-core-14649_opencode_0262a2361c82,DataDog__integrations-core-14649,opencode,completed,True,True,True,True,58,12,12,12,11,12,1,1,0,0,0,7,5,1,0,1,0,/home/zi/AgentCodingDos_CodeAgent/experiments/logs/swebench_model_benchmark/qwen36_v10_swebench_limit20_20260428/models/openrouter_qwen_qwen3.6-plus/logs/swebench_DataDog__integrations-core-14649_opencode_0262a2361c82_opencode_output.txt,/home/zi/AgentCodingDos_CodeAgent/experiments/logs/swebench_model_benchmark/qwen36_v10_swebench_limit20_20260428/models/openrouter_qwen_qwen3.6-plus/logs/swebench_DataDog__integrations-core-14649_opencode_0262a2361c82_opencode_followup.txt,/home/zi/AgentCodingDos_CodeAgent/experiments/logs/swebench_model_benchmark/qwen36_v10_swebench_limit20_20260428/models/openrouter_qwen_qwen3.6-plus/logs/swebench_DataDog__integrations-core-14649_opencode_0262a2361c82_opencode_analysis.json
swebench,qwen36_v10_swebench_limit20_20260428,swebench_DataDog__integrations-core-14649_kilo_code_738deb445c06,DataDog__integrations-core-14649,kilo_code,completed,True,True,True,True,64,12,12,12,11,12,1,1,0,0,0,7,5,1,0,1,0,/home/zi/AgentCodingDos_CodeAgent/experiments/logs/swebench_model_benchmark/qwen36_v10_swebench_limit20_20260428/models/openrouter_qwen_qwen3.6-plus/logs/swebench_DataDog__integrations-core-14649_kilo_code_738deb445c06_kilo_code_output.txt,/home/zi/AgentCodingDos_CodeAgent/experiments/logs/swebench_model_benchmark/qwen36_v10_swebench_limit20_20260428/models/openrouter_qwen_qwen3.6-plus/logs/swebench_DataDog__integrations-core-14649_kilo_code_738deb445c06_kilo_code_followup.txt,/home/zi/AgentCodingDos_CodeAgent/experiments/logs/swebench_model_benchmark/qwen36_v10_swebench_limit20_20260428/models/openrouter_qwen_qwen3.6-plus/logs/swebench_DataDog__integrations-core-14649_kilo_code_738deb445c06_kilo_code_analysis.json
swebench,qwen36_v10_swebench_limit20_20260428,swebench_DataDog__integrations-core-14649_claude_code_97897d68f415,DataDog__integrations-core-14649,claude_code,completed,False,True,False,False,128,0,0,11,0,0,0,0,0,0,0,0,0,0,0,0,0,/home/zi/AgentCodingDos_CodeAgent/experiments/logs/swebench_model_benchmark/qwen36_v10_swebench_limit20_20260428/models/openrouter_qwen_qwen3.6-plus/logs/swebench_DataDog__integrations-core-14649_claude_code_97897d68f415_claude_code_output.txt,/home/zi/AgentCodingDos_CodeAgent/experiments/logs/swebench_model_benchmark/qwen36_v10_swebench_limit20_20260428/models/openrouter_qwen_qwen3.6-plus/logs/swebench_DataDog__integrations-core-14649_claude_code_97897d68f415_claude_code_followup.txt,/home/zi/AgentCodingDos_CodeAgent/experiments/logs/swebench_model_benchmark/qwen36_v10_swebench_limit20_20260428/models/openrouter_qwen_qwen3.6-plus/logs/swebench_DataDog__integrations-core-14649_claude_code_97897d68f415_claude_code_analysis.json
swebench,qwen36_v10_swebench_limit20_20260428,swebench_DataDog__integrations-core-1559_opencode_cb4d7967d5d7,DataDog__integrations-core-1559,opencode,completed,True,True,True,True,49,13,13,13,11,13,2,1,0,0,0,7,6,1,1,1,0,/home/zi/AgentCodingDos_CodeAgent/experiments/logs/swebench_model_benchmark/qwen36_v10_swebench_limit20_20260428/models/openrouter_qwen_qwen3.6-plus/logs/swebench_DataDog__integrations-core-1559_opencode_cb4d7967d5d7_opencode_output.txt,/home/zi/AgentCodingDos_CodeAgent/experiments/logs/swebench_model_benchmark/qwen36_v10_swebench_limit20_20260428/models/openrouter_qwen_qwen3.6-plus/logs/swebench_DataDog__integrations-core-1559_opencode_cb4d7967d5d7_opencode_followup.txt,/home/zi/AgentCodingDos_CodeAgent/experiments/logs/swebench_model_benchmark/qwen36_v10_swebench_limit20_20260428/models/openrouter_qwen_qwen3.6-plus/logs/swebench_DataDog__integrations-core-1559_opencode_cb4d7967d5d7_opencode_analysis.json
swebench,qwen36_v10_swebench_limit20_20260428,swebench_DataDog__integrations-core-1559_kilo_code_13c301b59924,DataDog__integrations-core-1559,kilo_code,completed,True,True,True,True,87,11,11,11,10,11,1,1,0,0,0,6,5,1,0,1,0,/home/zi/AgentCodingDos_CodeAgent/experiments/logs/swebench_model_benchmark/qwen36_v10_swebench_limit20_20260428/models/openrouter_qwen_qwen3.6-plus/logs/swebench_DataDog__integrations-core-1559_kilo_code_13c301b59924_kilo_code_output.txt,/home/zi/AgentCodingDos_CodeAgent/experiments/logs/swebench_model_benchmark/qwen36_v10_swebench_limit20_20260428/models/openrouter_qwen_qwen3.6-plus/logs/swebench_DataDog__integrations-core-1559_kilo_code_13c301b59924_kilo_code_followup.txt,/home/zi/AgentCodingDos_CodeAgent/experiments/logs/swebench_model_benchmark/qwen36_v10_swebench_limit20_20260428/models/openrouter_qwen_qwen3.6-plus/logs/swebench_DataDog__integrations-core-1559_kilo_code_13c301b59924_kilo_code_analysis.json
swebench,qwen36_v10_swebench_limit20_20260428,swebench_DataDog__integrations-core-1559_claude_code_628d37779b40,DataDog__integrations-core-1559,claude_code,completed,False,True,True,True,121,10,10,11,10,0,0,0,0,0,0,5,5,0,0,0,0,/home/zi/AgentCodingDos_CodeAgent/experiments/logs/swebench_model_benchmark/qwen36_v10_swebench_limit20_20260428/models/openrouter_qwen_qwen3.6-plus/logs/swebench_DataDog__integrations-core-1559_claude_code_628d37779b40_claude_code_output.txt,/home/zi/AgentCodingDos_CodeAgent/experiments/logs/swebench_model_benchmark/qwen36_v10_swebench_limit20_20260428/models/openrouter_qwen_qwen3.6-plus/logs/swebench_DataDog__integrations-core-1559_claude_code_628d37779b40_claude_code_followup.txt,/home/zi/AgentCodingDos_CodeAgent/experiments/logs/swebench_model_benchmark/qwen36_v10_swebench_limit20_20260428/models/openrouter_qwen_qwen3.6-plus/logs/swebench_DataDog__integrations-core-1559_claude_code_628d37779b40_claude_code_analysis.json
swebench,qwen36_v10_swebench_limit20_20260428,swebench_DataDog__integrations-core-1570_opencode_5431e95564df,DataDog__integrations-core-1570,opencode,completed,True,True,True,True,65,12,12,12,11,12,1,1,0,0,0,7,5,1,0,1,0,/home/zi/AgentCodingDos_CodeAgent/experiments/logs/swebench_model_benchmark/qwen36_v10_swebench_limit20_20260428/models/openrouter_qwen_qwen3.6-plus/logs/swebench_DataDog__integrations-core-1570_opencode_5431e95564df_opencode_output.txt,/home/zi/AgentCodingDos_CodeAgent/experiments/logs/swebench_model_benchmark/qwen36_v10_swebench_limit20_20260428/models/openrouter_qwen_qwen3.6-plus/logs/swebench_DataDog__integrations-core-1570_opencode_5431e95564df_opencode_followup.txt,/home/zi/AgentCodingDos_CodeAgent/experiments/logs/swebench_model_benchmark/qwen36_v10_swebench_limit20_20260428/models/openrouter_qwen_qwen3.6-plus/logs/swebench_DataDog__integrations-core-1570_opencode_5431e95564df_opencode_analysis.json
swebench,qwen36_v10_swebench_limit20_20260428,swebench_DataDog__integrations-core-1570_kilo_code_ff38fdf1ed40,DataDog__integrations-core-1570,kilo_code,completed,False,False,False,False,0,0,0,0,0,0,0,0,0,0,0,0,0,0,0,0,0,/home/zi/AgentCodingDos_CodeAgent/experiments/logs/swebench_model_benchmark/qwen36_v10_swebench_limit20_20260428/models/openrouter_qwen_qwen3.6-plus/logs/swebench_DataDog__integrations-core-1570_kilo_code_ff38fdf1ed40_kilo_code_output.txt,/home/zi/AgentCodingDos_CodeAgent/experiments/logs/swebench_model_benchmark/qwen36_v10_swebench_limit20_20260428/models/openrouter_qwen_qwen3.6-plus/logs/swebench_DataDog__integrations-core-1570_kilo_code_ff38fdf1ed40_kilo_code_followup.txt,/home/zi/AgentCodingDos_CodeAgent/experiments/logs/swebench_model_benchmark/qwen36_v10_swebench_limit20_20260428/models/openrouter_qwen_qwen3.6-plus/logs/swebench_DataDog__integrations-core-1570_kilo_code_ff38fdf1ed40_kilo_code_analysis.json
swebench,qwen36_v10_swebench_limit20_20260428,swebench_DataDog__integrations-core-1570_claude_code_41337980682e,DataDog__integrations-core-1570,claude_code,completed,True,False,True,True,75,11,11,11,11,11,0,0,2,2,0,6,5,0,0,0,0,/home/zi/AgentCodingDos_CodeAgent/experiments/logs/swebench_model_benchmark/qwen36_v10_swebench_limit20_20260428/models/openrouter_qwen_qwen3.6-plus/logs/swebench_DataDog__integrations-core-1570_claude_code_41337980682e_claude_code_output.txt,/home/zi/AgentCodingDos_CodeAgent/experiments/logs/swebench_model_benchmark/qwen36_v10_swebench_limit20_20260428/models/openrouter_qwen_qwen3.6-plus/logs/swebench_DataDog__integrations-core-1570_claude_code_41337980682e_claude_code_followup.txt,/home/zi/AgentCodingDos_CodeAgent/experiments/logs/swebench_model_benchmark/qwen36_v10_swebench_limit20_20260428/models/openrouter_qwen_qwen3.6-plus/logs/swebench_DataDog__integrations-core-1570_claude_code_41337980682e_claude_code_analysis.json
swebench,qwen36_v10_swebench_limit20_20260428,swebench_DataDog__integrations-core-1583_opencode_5f55d0ba7695,DataDog__integrations-core-1583,opencode,completed,True,True,True,True,69,12,12,12,11,12,1,1,0,0,0,7,5,1,0,1,0,/home/zi/AgentCodingDos_CodeAgent/experiments/logs/swebench_model_benchmark/qwen36_v10_swebench_limit20_20260428/models/openrouter_qwen_qwen3.6-plus/logs/swebench_DataDog__integrations-core-1583_opencode_5f55d0ba7695_opencode_output.txt,/home/zi/AgentCodingDos_CodeAgent/experiments/logs/swebench_model_benchmark/qwen36_v10_swebench_limit20_20260428/models/openrouter_qwen_qwen3.6-plus/logs/swebench_DataDog__integrations-core-1583_opencode_5f55d0ba7695_opencode_followup.txt,/home/zi/AgentCodingDos_CodeAgent/experiments/logs/swebench_model_benchmark/qwen36_v10_swebench_limit20_20260428/models/openrouter_qwen_qwen3.6-plus/logs/swebench_DataDog__integrations-core-1583_opencode_5f55d0ba7695_opencode_analysis.json
swebench,qwen36_v10_swebench_limit20_20260428,swebench_DataDog__integrations-core-1583_kilo_code_897bd034c8c9,DataDog__integrations-core-1583,kilo_code,completed,True,True,True,True,71,22,22,22,13,22,9,1,0,0,0,12,10,5,4,1,0,/home/zi/AgentCodingDos_CodeAgent/experiments/logs/swebench_model_benchmark/qwen36_v10_swebench_limit20_20260428/models/openrouter_qwen_qwen3.6-plus/logs/swebench_DataDog__integrations-core-1583_kilo_code_897bd034c8c9_kilo_code_output.txt,/home/zi/AgentCodingDos_CodeAgent/experiments/logs/swebench_model_benchmark/qwen36_v10_swebench_limit20_20260428/models/openrouter_qwen_qwen3.6-plus/logs/swebench_DataDog__integrations-core-1583_kilo_code_897bd034c8c9_kilo_code_followup.txt,/home/zi/AgentCodingDos_CodeAgent/experiments/logs/swebench_model_benchmark/qwen36_v10_swebench_limit20_20260428/models/openrouter_qwen_qwen3.6-plus/logs/swebench_DataDog__integrations-core-1583_kilo_code_897bd034c8c9_kilo_code_analysis.json
swebench,qwen36_v10_swebench_limit20_20260428,swebench_DataDog__integrations-core-1583_claude_code_a3e202a45140,DataDog__integrations-core-1583,claude_code,completed,False,True,True,False,142,0,0,11,0,0,0,0,20,20,0,0,0,0,0,0,0,/home/zi/AgentCodingDos_CodeAgent/experiments/logs/swebench_model_benchmark/qwen36_v10_swebench_limit20_20260428/models/openrouter_qwen_qwen3.6-plus/logs/swebench_DataDog__integrations-core-1583_claude_code_a3e202a45140_claude_code_output.txt,/home/zi/AgentCodingDos_CodeAgent/experiments/logs/swebench_model_benchmark/qwen36_v10_swebench_limit20_20260428/models/openrouter_qwen_qwen3.6-plus/logs/swebench_DataDog__integrations-core-1583_claude_code_a3e202a45140_claude_code_followup.txt,/home/zi/AgentCodingDos_CodeAgent/experiments/logs/swebench_model_benchmark/qwen36_v10_swebench_limit20_20260428/models/openrouter_qwen_qwen3.6-plus/logs/swebench_DataDog__integrations-core-1583_claude_code_a3e202a45140_claude_code_analysis.json
swebench,qwen36_v10_swebench_limit20_20260428,swebench_DataDog__integrations-core-1620_opencode_e8d5823c3e46,DataDog__integrations-core-1620,opencode,completed,True,True,True,True,39,13,13,13,11,13,2,1,0,0,0,7,6,1,1,1,0,/home/zi/AgentCodingDos_CodeAgent/experiments/logs/swebench_model_benchmark/qwen36_v10_swebench_limit20_20260428/models/openrouter_qwen_qwen3.6-plus/logs/swebench_DataDog__integrations-core-1620_opencode_e8d5823c3e46_opencode_output.txt,/home/zi/AgentCodingDos_CodeAgent/experiments/logs/swebench_model_benchmark/qwen36_v10_swebench_limit20_20260428/models/openrouter_qwen_qwen3.6-plus/logs/swebench_DataDog__integrations-core-1620_opencode_e8d5823c3e46_opencode_followup.txt,/home/zi/AgentCodingDos_CodeAgent/experiments/logs/swebench_model_benchmark/qwen36_v10_swebench_limit20_20260428/models/openrouter_qwen_qwen3.6-plus/logs/swebench_DataDog__integrations-core-1620_opencode_e8d5823c3e46_opencode_analysis.json
swebench,qwen36_v10_swebench_limit20_20260428,swebench_DataDog__integrations-core-1620_kilo_code_2b5b72a30b0a,DataDog__integrations-core-1620,kilo_code,completed,True,True,True,True,45,11,11,11,10,11,1,1,0,0,0,6,5,1,0,1,0,/home/zi/AgentCodingDos_CodeAgent/experiments/logs/swebench_model_benchmark/qwen36_v10_swebench_limit20_20260428/models/openrouter_qwen_qwen3.6-plus/logs/swebench_DataDog__integrations-core-1620_kilo_code_2b5b72a30b0a_kilo_code_output.txt,/home/zi/AgentCodingDos_CodeAgent/experiments/logs/swebench_model_benchmark/qwen36_v10_swebench_limit20_20260428/models/openrouter_qwen_qwen3.6-plus/logs/swebench_DataDog__integrations-core-1620_kilo_code_2b5b72a30b0a_kilo_code_followup.txt,/home/zi/AgentCodingDos_CodeAgent/experiments/logs/swebench_model_benchmark/qwen36_v10_swebench_limit20_20260428/models/openrouter_qwen_qwen3.6-plus/logs/swebench_DataDog__integrations-core-1620_kilo_code_2b5b72a30b0a_kilo_code_analysis.json
swebench,qwen36_v10_swebench_limit20_20260428,swebench_DataDog__integrations-core-1620_claude_code_63c8022685f5,DataDog__integrations-core-1620,claude_code,completed,False,False,False,False,0,0,0,0,0,0,0,0,0,0,0,0,0,0,0,0,0,/home/zi/AgentCodingDos_CodeAgent/experiments/logs/swebench_model_benchmark/qwen36_v10_swebench_limit20_20260428/models/openrouter_qwen_qwen3.6-plus/logs/swebench_DataDog__integrations-core-1620_claude_code_63c8022685f5_claude_code_output.txt,/home/zi/AgentCodingDos_CodeAgent/experiments/logs/swebench_model_benchmark/qwen36_v10_swebench_limit20_20260428/models/openrouter_qwen_qwen3.6-plus/logs/swebench_DataDog__integrations-core-1620_claude_code_63c8022685f5_claude_code_followup.txt,/home/zi/AgentCodingDos_CodeAgent/experiments/logs/swebench_model_benchmark/qwen36_v10_swebench_limit20_20260428/models/openrouter_qwen_qwen3.6-plus/logs/swebench_DataDog__integrations-core-1620_claude_code_63c8022685f5_claude_code_analysis.json
swebench,qwen36_v10_swebench_limit20_20260428,swebench_DataDog__integrations-core-1633_opencode_5f70ba6ea376,DataDog__integrations-core-1633,opencode,completed,False,False,False,False,3,0,0,0,0,0,0,0,0,0,0,0,0,0,0,0,0,/home/zi/AgentCodingDos_CodeAgent/experiments/logs/swebench_model_benchmark/qwen36_v10_swebench_limit20_20260428/models/openrouter_qwen_qwen3.6-plus/logs/swebench_DataDog__integrations-core-1633_opencode_5f70ba6ea376_opencode_output.txt,/home/zi/AgentCodingDos_CodeAgent/experiments/logs/swebench_model_benchmark/qwen36_v10_swebench_limit20_20260428/models/openrouter_qwen_qwen3.6-plus/logs/swebench_DataDog__integrations-core-1633_opencode_5f70ba6ea376_opencode_followup.txt,/home/zi/AgentCodingDos_CodeAgent/experiments/logs/swebench_model_benchmark/qwen36_v10_swebench_limit20_20260428/models/openrouter_qwen_qwen3.6-plus/logs/swebench_DataDog__integrations-core-1633_opencode_5f70ba6ea376_opencode_analysis.json
swebench,qwen36_v10_swebench_limit20_20260428,swebench_DataDog__integrations-core-1633_kilo_code_e52872258d06,DataDog__integrations-core-1633,kilo_code,completed,True,True,True,True,61,12,12,12,11,12,1,1,0,0,0,7,5,1,0,1,0,/home/zi/AgentCodingDos_CodeAgent/experiments/logs/swebench_model_benchmark/qwen36_v10_swebench_limit20_20260428/models/openrouter_qwen_qwen3.6-plus/logs/swebench_DataDog__integrations-core-1633_kilo_code_e52872258d06_kilo_code_output.txt,/home/zi/AgentCodingDos_CodeAgent/experiments/logs/swebench_model_benchmark/qwen36_v10_swebench_limit20_20260428/models/openrouter_qwen_qwen3.6-plus/logs/swebench_DataDog__integrations-core-1633_kilo_code_e52872258d06_kilo_code_followup.txt,/home/zi/AgentCodingDos_CodeAgent/experiments/logs/swebench_model_benchmark/qwen36_v10_swebench_limit20_20260428/models/openrouter_qwen_qwen3.6-plus/logs/swebench_DataDog__integrations-core-1633_kilo_code_e52872258d06_kilo_code_analysis.json
swebench,qwen36_v10_swebench_limit20_20260428,swebench_DataDog__integrations-core-1633_claude_code_3e81653519bd,DataDog__integrations-core-1633,claude_code,completed,False,False,False,False,0,0,0,0,0,0,0,0,0,0,0,0,0,0,0,0,0,/home/zi/AgentCodingDos_CodeAgent/experiments/logs/swebench_model_benchmark/qwen36_v10_swebench_limit20_20260428/models/openrouter_qwen_qwen3.6-plus/logs/swebench_DataDog__integrations-core-1633_claude_code_3e81653519bd_claude_code_output.txt,/home/zi/AgentCodingDos_CodeAgent/experiments/logs/swebench_model_benchmark/qwen36_v10_swebench_limit20_20260428/models/openrouter_qwen_qwen3.6-plus/logs/swebench_DataDog__integrations-core-1633_claude_code_3e81653519bd_claude_code_followup.txt,/home/zi/AgentCodingDos_CodeAgent/experiments/logs/swebench_model_benchmark/qwen36_v10_swebench_limit20_20260428/models/openrouter_qwen_qwen3.6-plus/logs/swebench_DataDog__integrations-core-1633_claude_code_3e81653519bd_claude_code_analysis.json
swebench,qwen36_v10_swebench_limit20_20260428,swebench_DataDog__integrations-core-1731_opencode_e5078ae8deb4,DataDog__integrations-core-1731,opencode,completed,True,True,True,True,41,22,22,22,21,22,1,1,0,0,0,12,10,1,0,1,0,/home/zi/AgentCodingDos_CodeAgent/experiments/logs/swebench_model_benchmark/qwen36_v10_swebench_limit20_20260428/models/openrouter_qwen_qwen3.6-plus/logs/swebench_DataDog__integrations-core-1731_opencode_e5078ae8deb4_opencode_output.txt,/home/zi/AgentCodingDos_CodeAgent/experiments/logs/swebench_model_benchmark/qwen36_v10_swebench_limit20_20260428/models/openrouter_qwen_qwen3.6-plus/logs/swebench_DataDog__integrations-core-1731_opencode_e5078ae8deb4_opencode_followup.txt,/home/zi/AgentCodingDos_CodeAgent/experiments/logs/swebench_model_benchmark/qwen36_v10_swebench_limit20_20260428/models/openrouter_qwen_qwen3.6-plus/logs/swebench_DataDog__integrations-core-1731_opencode_e5078ae8deb4_opencode_analysis.json
swebench,qwen36_v10_swebench_limit20_20260428,swebench_DataDog__integrations-core-1731_kilo_code_d7d65c72c321,DataDog__integrations-core-1731,kilo_code,completed,True,True,True,True,47,12,12,12,11,12,1,1,0,0,0,7,5,1,0,1,0,/home/zi/AgentCodingDos_CodeAgent/experiments/logs/swebench_model_benchmark/qwen36_v10_swebench_limit20_20260428/models/openrouter_qwen_qwen3.6-plus/logs/swebench_DataDog__integrations-core-1731_kilo_code_d7d65c72c321_kilo_code_output.txt,/home/zi/AgentCodingDos_CodeAgent/experiments/logs/swebench_model_benchmark/qwen36_v10_swebench_limit20_20260428/models/openrouter_qwen_qwen3.6-plus/logs/swebench_DataDog__integrations-core-1731_kilo_code_d7d65c72c321_kilo_code_followup.txt,/home/zi/AgentCodingDos_CodeAgent/experiments/logs/swebench_model_benchmark/qwen36_v10_swebench_limit20_20260428/models/openrouter_qwen_qwen3.6-plus/logs/swebench_DataDog__integrations-core-1731_kilo_code_d7d65c72c321_kilo_code_analysis.json
swebench,qwen36_v10_swebench_limit20_20260428,swebench_DataDog__integrations-core-1731_claude_code_7b31ae42d06f,DataDog__integrations-core-1731,claude_code,completed,False,False,False,False,0,0,0,0,0,0,0,0,0,0,0,0,0,0,0,0,0,/home/zi/AgentCodingDos_CodeAgent/experiments/logs/swebench_model_benchmark/qwen36_v10_swebench_limit20_20260428/models/openrouter_qwen_qwen3.6-plus/logs/swebench_DataDog__integrations-core-1731_claude_code_7b31ae42d06f_claude_code_output.txt,/home/zi/AgentCodingDos_CodeAgent/experiments/logs/swebench_model_benchmark/qwen36_v10_swebench_limit20_20260428/models/openrouter_qwen_qwen3.6-plus/logs/swebench_DataDog__integrations-core-1731_claude_code_7b31ae42d06f_claude_code_followup.txt,/home/zi/AgentCodingDos_CodeAgent/experiments/logs/swebench_model_benchmark/qwen36_v10_swebench_limit20_20260428/models/openrouter_qwen_qwen3.6-plus/logs/swebench_DataDog__integrations-core-1731_claude_code_7b31ae42d06f_claude_code_analysis.json
swebench,qwen36_v10_swebench_limit20_20260428,swebench_DataDog__integrations-core-1959_opencode_b07878f500fc,DataDog__integrations-core-1959,opencode,completed,True,True,True,True,45,12,12,12,11,12,1,1,0,0,0,7,5,1,0,1,0,/home/zi/AgentCodingDos_CodeAgent/experiments/logs/swebench_model_benchmark/qwen36_v10_swebench_limit20_20260428/models/openrouter_qwen_qwen3.6-plus/logs/swebench_DataDog__integrations-core-1959_opencode_b07878f500fc_opencode_output.txt,/home/zi/AgentCodingDos_CodeAgent/experiments/logs/swebench_model_benchmark/qwen36_v10_swebench_limit20_20260428/models/openrouter_qwen_qwen3.6-plus/logs/swebench_DataDog__integrations-core-1959_opencode_b07878f500fc_opencode_followup.txt,/home/zi/AgentCodingDos_CodeAgent/experiments/logs/swebench_model_benchmark/qwen36_v10_swebench_limit20_20260428/models/openrouter_qwen_qwen3.6-plus/logs/swebench_DataDog__integrations-core-1959_opencode_b07878f500fc_opencode_analysis.json
swebench,qwen36_v10_swebench_limit20_20260428,swebench_DataDog__integrations-core-1959_kilo_code_ca46074877ea,DataDog__integrations-core-1959,kilo_code,completed,True,True,True,True,49,12,12,12,11,12,1,1,0,0,0,7,5,1,0,1,0,/home/zi/AgentCodingDos_CodeAgent/experiments/logs/swebench_model_benchmark/qwen36_v10_swebench_limit20_20260428/models/openrouter_qwen_qwen3.6-plus/logs/swebench_DataDog__integrations-core-1959_kilo_code_ca46074877ea_kilo_code_output.txt,/home/zi/AgentCodingDos_CodeAgent/experiments/logs/swebench_model_benchmark/qwen36_v10_swebench_limit20_20260428/models/openrouter_qwen_qwen3.6-plus/logs/swebench_DataDog__integrations-core-1959_kilo_code_ca46074877ea_kilo_code_followup.txt,/home/zi/AgentCodingDos_CodeAgent/experiments/logs/swebench_model_benchmark/qwen36_v10_swebench_limit20_20260428/models/openrouter_qwen_qwen3.6-plus/logs/swebench_DataDog__integrations-core-1959_kilo_code_ca46074877ea_kilo_code_analysis.json
swebench,qwen36_v10_swebench_limit20_20260428,swebench_DataDog__integrations-core-1959_claude_code_df3d83ac01ae,DataDog__integrations-core-1959,claude_code,completed,False,False,False,False,0,0,0,0,0,0,0,0,0,0,0,0,0,0,0,0,0,/home/zi/AgentCodingDos_CodeAgent/experiments/logs/swebench_model_benchmark/qwen36_v10_swebench_limit20_20260428/models/openrouter_qwen_qwen3.6-plus/logs/swebench_DataDog__integrations-core-1959_claude_code_df3d83ac01ae_claude_code_output.txt,/home/zi/AgentCodingDos_CodeAgent/experiments/logs/swebench_model_benchmark/qwen36_v10_swebench_limit20_20260428/models/openrouter_qwen_qwen3.6-plus/logs/swebench_DataDog__integrations-core-1959_claude_code_df3d83ac01ae_claude_code_followup.txt,/home/zi/AgentCodingDos_CodeAgent/experiments/logs/swebench_model_benchmark/qwen36_v10_swebench_limit20_20260428/models/openrouter_qwen_qwen3.6-plus/logs/swebench_DataDog__integrations-core-1959_claude_code_df3d83ac01ae_claude_code_analysis.json
swebench,qwen36_v10_swebench_limit20_20260428,swebench_DataDog__integrations-core-2041_opencode_31689e4ed159,DataDog__integrations-core-2041,opencode,completed,True,True,True,True,49,12,12,12,11,12,1,1,0,0,0,7,5,1,0,1,0,/home/zi/AgentCodingDos_CodeAgent/experiments/logs/swebench_model_benchmark/qwen36_v10_swebench_limit20_20260428/models/openrouter_qwen_qwen3.6-plus/logs/swebench_DataDog__integrations-core-2041_opencode_31689e4ed159_opencode_output.txt,/home/zi/AgentCodingDos_CodeAgent/experiments/logs/swebench_model_benchmark/qwen36_v10_swebench_limit20_20260428/models/openrouter_qwen_qwen3.6-plus/logs/swebench_DataDog__integrations-core-2041_opencode_31689e4ed159_opencode_followup.txt,/home/zi/AgentCodingDos_CodeAgent/experiments/logs/swebench_model_benchmark/qwen36_v10_swebench_limit20_20260428/models/openrouter_qwen_qwen3.6-plus/logs/swebench_DataDog__integrations-core-2041_opencode_31689e4ed159_opencode_analysis.json
swebench,qwen36_v10_swebench_limit20_20260428,swebench_DataDog__integrations-core-2041_kilo_code_a928f28c3ddb,DataDog__integrations-core-2041,kilo_code,completed,False,True,True,True,52,11,11,11,10,11,1,1,0,0,0,6,5,1,0,1,0,/home/zi/AgentCodingDos_CodeAgent/experiments/logs/swebench_model_benchmark/qwen36_v10_swebench_limit20_20260428/models/openrouter_qwen_qwen3.6-plus/logs/swebench_DataDog__integrations-core-2041_kilo_code_a928f28c3ddb_kilo_code_output.txt,/home/zi/AgentCodingDos_CodeAgent/experiments/logs/swebench_model_benchmark/qwen36_v10_swebench_limit20_20260428/models/openrouter_qwen_qwen3.6-plus/logs/swebench_DataDog__integrations-core-2041_kilo_code_a928f28c3ddb_kilo_code_followup.txt,/home/zi/AgentCodingDos_CodeAgent/experiments/logs/swebench_model_benchmark/qwen36_v10_swebench_limit20_20260428/models/openrouter_qwen_qwen3.6-plus/logs/swebench_DataDog__integrations-core-2041_kilo_code_a928f28c3ddb_kilo_code_analysis.json
swebench,qwen36_v10_swebench_limit20_20260428,swebench_DataDog__integrations-core-2041_claude_code_df3369bcefb0,DataDog__integrations-core-2041,claude_code,completed,False,False,False,False,0,0,0,0,0,0,0,0,0,0,0,0,0,0,0,0,0,/home/zi/AgentCodingDos_CodeAgent/experiments/logs/swebench_model_benchmark/qwen36_v10_swebench_limit20_20260428/models/openrouter_qwen_qwen3.6-plus/logs/swebench_DataDog__integrations-core-2041_claude_code_df3369bcefb0_claude_code_output.txt,/home/zi/AgentCodingDos_CodeAgent/experiments/logs/swebench_model_benchmark/qwen36_v10_swebench_limit20_20260428/models/openrouter_qwen_qwen3.6-plus/logs/swebench_DataDog__integrations-core-2041_claude_code_df3369bcefb0_claude_code_followup.txt,/home/zi/AgentCodingDos_CodeAgent/experiments/logs/swebench_model_benchmark/qwen36_v10_swebench_limit20_20260428/models/openrouter_qwen_qwen3.6-plus/logs/swebench_DataDog__integrations-core-2041_claude_code_df3369bcefb0_claude_code_analysis.json
swebench,qwen36_v10_swebench_limit20_20260428,swebench_DataDog__integrations-core-2282_opencode_e34c51ff1353,DataDog__integrations-core-2282,opencode,completed,True,True,True,True,39,13,13,13,11,13,2,1,0,0,0,7,6,1,1,1,0,/home/zi/AgentCodingDos_CodeAgent/experiments/logs/swebench_model_benchmark/qwen36_v10_swebench_limit20_20260428/models/openrouter_qwen_qwen3.6-plus/logs/swebench_DataDog__integrations-core-2282_opencode_e34c51ff1353_opencode_output.txt,/home/zi/AgentCodingDos_CodeAgent/experiments/logs/swebench_model_benchmark/qwen36_v10_swebench_limit20_20260428/models/openrouter_qwen_qwen3.6-plus/logs/swebench_DataDog__integrations-core-2282_opencode_e34c51ff1353_opencode_followup.txt,/home/zi/AgentCodingDos_CodeAgent/experiments/logs/swebench_model_benchmark/qwen36_v10_swebench_limit20_20260428/models/openrouter_qwen_qwen3.6-plus/logs/swebench_DataDog__integrations-core-2282_opencode_e34c51ff1353_opencode_analysis.json
swebench,qwen36_v10_swebench_limit20_20260428,swebench_DataDog__integrations-core-2282_kilo_code_ac9a7ffaafbc,DataDog__integrations-core-2282,kilo_code,completed,False,False,True,False,21,0,0,0,0,0,0,0,0,0,0,0,0,0,0,0,0,/home/zi/AgentCodingDos_CodeAgent/experiments/logs/swebench_model_benchmark/qwen36_v10_swebench_limit20_20260428/models/openrouter_qwen_qwen3.6-plus/logs/swebench_DataDog__integrations-core-2282_kilo_code_ac9a7ffaafbc_kilo_code_output.txt,/home/zi/AgentCodingDos_CodeAgent/experiments/logs/swebench_model_benchmark/qwen36_v10_swebench_limit20_20260428/models/openrouter_qwen_qwen3.6-plus/logs/swebench_DataDog__integrations-core-2282_kilo_code_ac9a7ffaafbc_kilo_code_followup.txt,/home/zi/AgentCodingDos_CodeAgent/experiments/logs/swebench_model_benchmark/qwen36_v10_swebench_limit20_20260428/models/openrouter_qwen_qwen3.6-plus/logs/swebench_DataDog__integrations-core-2282_kilo_code_ac9a7ffaafbc_kilo_code_analysis.json
swebench,qwen36_v10_swebench_limit20_20260428,swebench_DataDog__integrations-core-2282_claude_code_e4f2ba658bd6,DataDog__integrations-core-2282,claude_code,completed,False,False,False,False,0,0,0,0,0,0,0,0,0,0,0,0,0,0,0,0,0,/home/zi/AgentCodingDos_CodeAgent/experiments/logs/swebench_model_benchmark/qwen36_v10_swebench_limit20_20260428/models/openrouter_qwen_qwen3.6-plus/logs/swebench_DataDog__integrations-core-2282_claude_code_e4f2ba658bd6_claude_code_output.txt,/home/zi/AgentCodingDos_CodeAgent/experiments/logs/swebench_model_benchmark/qwen36_v10_swebench_limit20_20260428/models/openrouter_qwen_qwen3.6-plus/logs/swebench_DataDog__integrations-core-2282_claude_code_e4f2ba658bd6_claude_code_followup.txt,/home/zi/AgentCodingDos_CodeAgent/experiments/logs/swebench_model_benchmark/qwen36_v10_swebench_limit20_20260428/models/openrouter_qwen_qwen3.6-plus/logs/swebench_DataDog__integrations-core-2282_claude_code_e4f2ba658bd6_claude_code_analysis.json
